Crime ID,Date,Time,Crime Type,Location,Latitude,Longitude,Suspect Age,Suspect Gender,Victim Age,Victim Gender,Arrest Made,Case Status,Description
ef9adc26-9e7a-4185-b003-f3dc9c231283,2024-09-02,00:02:22,Kidnapping,Adyar,12.916487,80.112766,21,Male,62,Other,Yes,Closed,Design available year individual money certain long.
087b18d1-258a-4aec-9be8-e4ebe1cfdf1e,2022-08-03,12:37:23,Vandalism,Anna Nagar,12.994414,80.242563,50,Female,64,Other,Yes,Open,Fly increase box collection Mr.
5f966770-7ee1-42c9-a030-8ea7f51eeac6,2022-08-29,11:34:46,Assault,Anna Nagar,13.042413,80.256398,34,Male,22,Other,No,Open,Beautiful also why film state hotel.
c0c44ae2-91a1-4f77-9bff-f68afc599cdb,2024-02-23,05:31:18,Assault,T. Nagar,12.927405,80.170873,43,Other,79,Other,No,Pending,Ago project find plan reduce election player north.
70735b7b-216a-422b-a264-49f47573d783,2023-02-16,15:30:12,Fraud,Porur,12.991213,80.220593,58,Female,31,Male,Yes,Closed,Send some increase themselves give everything including.
fd3435c8-ea10-41d1-b2eb-77307f37ba9a,2023-04-19,18:33:36,Drug Possession,Adyar,13.028424,80.196063,41,Other,80,Female,Yes,Pending,Accept site recent common behind.
a3b17463-0da0-4f9e-95e6-e7406e84e304,2024-08-28,02:37:53,Murder,Perambur,12.951745,80.227933,52,Female,23,Male,No,Open,According nearly girl agree art Democrat worry generation.
c20a1434-0ef1-40ef-9e88-824d7a311e8e,2024-01-26,00:23:55,Drug Possession,Royapettah,13.030248,80.103081,38,Female,23,Other,No,Closed,Military brother west human thus.
492344d6-25c8-4fb2-83d6-d4fa2bdf6bd4,2022-10-27,12:18:56,Burglary,T. Nagar,13.051256,80.155329,20,Other,18,Male,Yes,Pending,Thus on attention discuss some research.
048a1ab5-f6ed-4b89-80ce-8f54d6301fd4,2024-09-15,02:01:24,Theft,Adyar,12.916942,80.17675,21,Male,35,Female,Yes,Open,This color find ask color once.
e7cb22b6-ba2e-4dd5-b8f9-53eaf3c2725f,2024-10-20,08:26:39,Assault,Kodambakkam,13.054252,80.229785,35,Female,60,Female,No,Pending,Eight evening card hot.
29c21dd1-6082-482e-9dbd-3ca7b2325c78,2023-12-16,21:13:50,Drug Possession,Velachery,13.061255,80.109392,48,Male,53,Male,Yes,Closed,Also five partner house know can direction.
e0c4758d-cfeb-4d5b-8540-37d93c159dca,2024-07-22,16:02:44,Burglary,Guindy,12.923223,80.27441,22,Other,38,Male,Yes,Open,His what finish now.
f0f364d7-946b-400a-a70e-94be936dd9ed,2024-09-20,03:44:52,Fraud,T. Nagar,12.922736,80.127636,44,Female,46,Other,No,Closed,Yet commercial on culture fear market network.
0e6306f4-b259-4159-8504-17b6a6b6c502,2024-01-24,01:18:53,Burglary,Perambur,13.032005,80.203138,51,Male,59,Other,No,Closed,Tend site large president it I.
9827bbfb-9c32-4649-9211-fe107c614ae4,2022-10-04,09:33:56,Drug Possession,Anna Nagar,13.07344,80.196078,51,Male,71,Male,Yes,Pending,Same film study even western.
cb551966-3042-49aa-bb3d-a39c22f5dc76,2023-08-09,10:32:27,Assault,Guindy,13.030875,80.266419,33,Female,39,Male,Yes,Pending,Score condition customer thought student according still.
433bea95-0926-4508-8ea5-1bac71dc96bb,2024-06-15,15:07:56,Assault,Mylapore,12.993776,80.157931,36,Female,40,Male,No,Open,Democrat develop morning push or wonder if.
c8868428-c7f8-4f93-9383-964447d9978b,2023-05-26,15:31:50,Vandalism,Perambur,12.988205,80.177801,27,Female,71,Other,No,Closed,Magazine whose yeah just place agree.
b76cb8ce-5950-483b-8663-0e17a8f2a1f1,2024-11-10,10:11:44,Assault,Adyar,12.92015,80.151556,45,Other,28,Female,Yes,Pending,Natural computer sing note.
0f023ec1-94a9-47b6-ac33-fe5caba3f041,2025-02-06,05:21:24,Drug Possession,Porur,13.085281,80.269947,36,Other,79,Male,No,Closed,Happy realize camera mouth.
4ff6bfd3-3cbc-4cd1-a01d-411c5d622b7e,2023-04-24,19:21:08,Kidnapping,T. Nagar,13.074303,80.246213,25,Female,62,Female,Yes,Closed,Message really moment write.
97820ed0-74db-4c63-8a47-da4e2a47bd4d,2023-06-15,23:04:02,Assault,Guindy,13.038114,80.157153,33,Female,53,Other,Yes,Pending,Hold shoulder detail talk even either pattern.
9cb4de69-bdb0-48ae-a4fd-b4229cfa4d67,2023-08-07,08:34:32,Kidnapping,Anna Nagar,12.964486,80.205479,44,Male,11,Male,No,Pending,Development until stock.
9a788565-618b-4933-a57a-7b78f7a4dc0c,2024-12-28,21:44:22,Kidnapping,Anna Nagar,12.974668,80.251798,23,Other,14,Female,Yes,Pending,Pay security already.
67083ba9-b9ec-4670-a6d0-f71501a291b5,2024-02-19,19:09:06,Fraud,Perambur,12.905185,80.176554,27,Female,80,Female,No,Pending,Treatment wear letter hope.
c9ced2c2-adc3-4b35-9c01-9287683e789e,2024-01-01,17:57:08,Burglary,Adyar,13.016073,80.283538,24,Male,27,Other,Yes,Pending,Need nearly name far ever.
396b2f61-b268-4c52-b3d2-9e4dbb1443df,2022-05-07,21:37:55,Burglary,Guindy,13.083953,80.104338,58,Other,35,Female,No,Pending,As pull available election bit him own.
b7ef9b42-203b-4fbf-8172-1a7ff387477e,2023-08-04,12:47:12,Kidnapping,Guindy,13.067358,80.17791,42,Other,52,Other,Yes,Open,Style democratic everybody treatment.
732da7bc-192a-465d-b18c-8d7c66bb9ebf,2023-04-15,23:04:34,Vandalism,Kodambakkam,13.065595,80.166412,49,Male,60,Male,Yes,Pending,Partner rise pressure follow camera physical.
f6492a2e-0ac9-4d79-93f3-e7666a0f3eb5,2024-05-13,20:35:35,Kidnapping,Adyar,13.075846,80.126304,18,Male,29,Male,No,Pending,Send white lead method ask company drug.
0a35cd3b-4aa7-45d0-bc7b-898a3ca67c7e,2022-04-03,23:56:00,Kidnapping,Velachery,13.080934,80.17091,21,Female,69,Other,Yes,Closed,Imagine stock within whatever.
72cec83c-bc7f-4402-9335-5795ffc21548,2023-08-12,19:22:57,Theft,Guindy,12.913814,80.180371,27,Female,23,Female,No,Pending,History research red magazine edge clear weight.
bcac94a6-1e44-4806-b0e6-8814de715b5d,2022-07-07,08:09:52,Assault,Guindy,12.944956,80.217401,39,Male,51,Female,No,Open,Color authority American writer establish.
2537034b-237f-482e-bcc3-c95b08630c29,2024-02-05,10:01:46,Vandalism,Anna Nagar,13.075974,80.116523,47,Female,71,Male,No,Closed,Mr six civil from.
bf025221-3d3b-4d24-a148-3b2d0ecce7f3,2022-09-14,03:30:32,Burglary,Guindy,12.934969,80.189874,47,Other,40,Male,Yes,Closed,Help water attorney vote.
d174ac33-660a-4919-b5d1-4674995a2025,2023-07-30,02:13:09,Assault,Velachery,13.063656,80.291363,22,Female,59,Other,Yes,Open,Its girl itself serious.
61a92cce-09a0-41f3-bb22-923263f27aeb,2024-07-04,07:31:15,Theft,Anna Nagar,13.01933,80.160978,59,Other,20,Male,No,Closed,Analysis give guy.
b36b276d-b6b7-4c86-a82c-a509d4c5a2ec,2023-08-21,08:35:19,Vandalism,Adyar,13.046243,80.147939,27,Other,77,Other,No,Pending,Employee within wish paper current.
2adc8c33-db2c-4eac-8801-3de3cdb81132,2024-08-11,09:16:53,Theft,T. Nagar,13.001774,80.104725,29,Other,73,Male,Yes,Pending,Issue inside born after past man give.
ac54c327-8dcd-45db-94b3-d3e4fc41bfad,2024-10-28,23:14:46,Theft,Kodambakkam,12.953318,80.117496,29,Female,37,Other,Yes,Open,Skin table kid least street southern.
08eeb985-50c5-4688-bd3c-7aaeb9fd109c,2024-08-31,07:36:40,Kidnapping,Porur,13.051427,80.216614,37,Other,27,Other,No,Pending,Account parent live where.
db8329af-1cfb-4d69-90e5-2eec87bd4e01,2022-11-28,17:26:23,Burglary,Velachery,13.090688,80.127863,21,Male,42,Other,No,Open,Chance early foot teach inside better.
9f32b0b9-f09f-4c2e-ac0a-20a006c6054e,2025-02-11,06:44:22,Murder,Kodambakkam,13.044249,80.156127,35,Male,67,Female,Yes,Closed,Risk about man especially behavior when address.
bd809db8-a419-4987-8704-88ae58145008,2022-06-29,04:15:54,Theft,Royapettah,13.038689,80.276022,18,Male,48,Other,Yes,Open,Deal piece own read amount interview cut leg.
a4a97696-31e2-4147-ad41-e59747a8dfe3,2024-09-30,01:24:33,Assault,T. Nagar,12.995565,80.20392,46,Male,45,Female,Yes,Pending,First attack respond offer.
cc28eac3-82bf-4f70-a564-61d3b617bfc7,2022-09-14,16:37:19,Burglary,Anna Nagar,12.990891,80.148244,21,Other,38,Male,No,Open,Book most cause price remain.
edec1238-c7e3-4cb2-a023-d2d6be6518f8,2022-12-06,05:41:37,Theft,Kodambakkam,12.919219,80.290143,21,Male,15,Other,No,Open,Beautiful when hope wear.
1c47f9cc-c5c4-47f5-a1b9-d6a8256f9f86,2024-04-22,22:22:51,Assault,Perambur,13.070942,80.258174,20,Male,58,Female,Yes,Open,Wait fly hard capital maintain them.
1190fa2d-d237-41ee-af97-182007c73724,2023-10-01,23:50:25,Assault,Anna Nagar,13.061965,80.109,60,Male,78,Male,Yes,Pending,Can door usually cost truth resource thought.
abe759b4-7c3e-4c51-ba5b-0096d90ca55a,2024-10-21,15:44:32,Theft,Mylapore,12.991509,80.224249,18,Female,38,Male,Yes,Pending,Culture once west rest magazine.
ec96a3da-4274-4a89-8d29-c6675acc1d03,2024-12-13,13:40:51,Vandalism,T. Nagar,13.049123,80.227369,53,Male,18,Male,Yes,Pending,Design tree economy choose.
8c0accc7-4840-46e4-b934-0d40880219b3,2025-01-14,10:03:52,Theft,Guindy,13.09898,80.195247,54,Other,68,Other,Yes,Closed,Pretty yeah although late week son.
e700a9fb-48dd-49cd-ab3c-67766c3fcd10,2023-03-18,20:24:58,Burglary,Kodambakkam,12.930734,80.15239,27,Female,47,Male,Yes,Pending,One remember table low center food so perhaps.
f688a7ba-e3a6-4d68-83d6-2b80db1380e0,2024-09-21,15:17:29,Kidnapping,Porur,13.075438,80.242245,56,Other,27,Other,No,Closed,Despite discover memory lead chance low.
c19baf9b-8950-4a09-9f2d-245a47b5f977,2023-02-18,18:31:53,Vandalism,Royapettah,13.037258,80.183776,58,Female,51,Male,Yes,Pending,Expert ask ground deal.
bf39d491-7409-4172-9c10-192f9dfcd59a,2022-07-26,21:51:18,Fraud,Porur,12.999442,80.29216,25,Male,21,Other,Yes,Pending,Build head up.
5e130bae-9960-4475-a219-280bf0848a24,2023-10-08,19:57:04,Vandalism,Mylapore,13.01204,80.165486,22,Male,60,Female,No,Open,Toward cover call task perform forget.
091605df-cf43-4c3c-be37-69a9d545388a,2023-02-14,11:34:14,Drug Possession,Adyar,12.997643,80.163392,58,Female,37,Other,Yes,Open,Once start matter suffer fill trial then.
a1995eae-3a72-41f1-b9b8-cbcdc20f1498,2024-01-21,11:46:34,Burglary,Anna Nagar,13.006715,80.189795,54,Female,42,Other,Yes,Open,Beautiful other tend.
df84a829-8043-46a9-8f36-8d1c39fa47fc,2023-05-16,01:54:55,Drug Possession,Guindy,12.920369,80.115456,33,Female,23,Other,No,Pending,Consumer pay season direction purpose sell.
cf4d2d57-9996-4424-842b-fc9a3b924587,2022-10-27,11:43:31,Drug Possession,Perambur,12.989963,80.210456,60,Female,36,Female,Yes,Open,Thousand ahead some.
213f50ae-c91c-4d73-a984-b8eccc2380f0,2023-05-09,19:19:30,Vandalism,Perambur,13.076283,80.115175,28,Other,20,Female,No,Open,Receive measure team ten chair buy body.
7e42f54a-b2b4-4973-b759-2ac6f5ed7288,2023-02-03,06:51:44,Vandalism,Porur,12.96082,80.277005,31,Female,37,Female,No,Closed,Water say cell design determine.
b46d3e24-ec26-43ba-88d9-7c5eaca67d48,2023-12-04,18:49:48,Assault,Perambur,13.076303,80.102352,54,Other,21,Female,Yes,Open,Fast conference sometimes card today food.
81bc4384-a345-4502-9143-ad9cda2417b0,2024-06-25,19:22:32,Kidnapping,Anna Nagar,12.907741,80.133506,25,Male,29,Male,Yes,Closed,Court assume season.
878cbb5b-e7df-4166-a95f-d5dcfb011586,2023-03-05,23:34:42,Assault,Perambur,12.945628,80.18098,22,Other,76,Other,No,Pending,Long some instead back.
62630139-65ca-4b5e-a119-2aa8b2fd1474,2022-10-03,15:44:17,Theft,Royapettah,13.034424,80.134875,29,Other,55,Female,No,Closed,Level instead three federal.
d0205d63-09cc-42c4-aaa3-fb44cae4c956,2022-05-16,18:36:15,Vandalism,Anna Nagar,13.093101,80.185948,50,Other,64,Female,No,Open,System fall building kitchen project back civil.
001f01fb-5c41-4e7b-b7ac-2ef25a069ba4,2024-06-04,18:37:27,Fraud,Kodambakkam,13.010546,80.121336,48,Other,77,Other,Yes,Open,Summer color address study authority.
b7a3060e-ddea-4aaf-8fef-1af983e1c6f5,2024-05-31,07:27:29,Drug Possession,T. Nagar,13.068522,80.250961,59,Female,49,Male,Yes,Pending,Summer book effect long face show.
1c49c3c4-0ad7-4811-965d-9a1220daa949,2024-12-08,09:39:13,Drug Possession,Anna Nagar,12.965588,80.196189,37,Female,38,Male,No,Open,Make range amount five.
1192df7b-d0dd-4aa8-8859-204d0a780d41,2023-02-17,01:18:30,Fraud,Adyar,13.08669,80.143369,21,Female,43,Male,Yes,Pending,Remember arrive lead wide piece hand may.
63850e2b-c20f-4961-9200-2b9ccad81f2a,2022-05-09,20:27:22,Burglary,Kodambakkam,12.916927,80.219191,20,Other,13,Other,Yes,Pending,Nice security level especially recognize.
7f100f65-a71e-4221-849f-5c78e4690a53,2024-05-27,04:43:56,Theft,Guindy,13.001833,80.21168,19,Other,20,Female,Yes,Pending,Security sense follow language road.
34c40418-25c7-4a39-b47c-2cb726d8ec33,2022-11-24,20:17:52,Drug Possession,Perambur,13.082443,80.116313,18,Other,66,Other,No,Closed,Program check feel not land kid some.
a16377e2-603e-4ed9-86c2-41855d26561a,2024-09-05,21:09:30,Fraud,Velachery,12.934667,80.196473,33,Male,31,Male,No,Pending,Decade myself six present garden safe across.
9218738b-551d-4928-bce9-7cceeb48bcfd,2025-02-12,02:21:58,Burglary,Perambur,12.926852,80.256389,19,Male,21,Male,No,Open,Those fire might soon drop under at.
4d15b8bc-8175-425e-af35-3966400e70dd,2024-07-24,03:44:39,Theft,Anna Nagar,12.913992,80.103392,58,Female,13,Male,Yes,Pending,Kind heart if show improve I.
49ede735-3b01-4d3d-90c7-a10849e9afe3,2022-11-10,03:38:24,Assault,Royapettah,13.0781,80.253645,23,Male,40,Other,Yes,Open,None animal theory near doctor condition name.
b9732231-7b3b-45f5-83ed-ab4845059a98,2022-04-18,08:02:31,Theft,Mylapore,12.924397,80.213394,54,Other,28,Male,Yes,Open,Task ball card I direction between.
8bc87616-306e-4029-ad6b-11c65423f128,2022-04-01,22:46:50,Assault,Kodambakkam,13.098751,80.28466,26,Other,67,Other,Yes,Closed,Fire strong however stuff television face significant.
1414c211-279a-4093-a202-acebaf762ed4,2023-10-04,05:45:41,Drug Possession,Kodambakkam,13.005746,80.285298,38,Male,56,Female,Yes,Pending,Very artist rise quickly fast animal course.
132dff70-e3c9-4695-8975-037cfe2cb5ad,2022-06-18,23:50:34,Drug Possession,Mylapore,13.096083,80.254454,45,Other,10,Female,No,Open,Else newspaper how explain yes hand public.
a97e23a2-89b5-4cf2-abd2-9c818a1497f7,2022-07-04,04:15:15,Fraud,Perambur,12.922254,80.199242,36,Other,30,Other,No,Pending,His growth explain wife small.
e858153a-db1c-48ee-ac62-858b2172c231,2025-01-14,17:53:22,Fraud,Adyar,12.962165,80.23964,37,Male,44,Other,No,Open,Like bit generation hospital structure suffer.
6be64a18-0ad4-496d-be2d-496f27c99f7c,2023-02-03,04:34:44,Drug Possession,T. Nagar,13.01246,80.278597,46,Female,60,Other,No,Open,Play happy human memory reveal drop necessary.
86c4b5b8-75c9-4940-9397-0743bbc858f3,2023-09-12,22:03:20,Theft,Guindy,13.076665,80.268474,37,Other,56,Female,Yes,Open,Most religious hotel well hand.
a3373abc-fc8a-40ac-aae0-7c289337f37a,2025-03-22,22:20:37,Drug Possession,Royapettah,13.047199,80.12154,45,Other,41,Female,No,Open,Mean security over spend.
8f18b86b-cde2-4cad-ac6c-524a833f7963,2023-05-29,23:47:39,Fraud,Royapettah,12.924969,80.224186,21,Other,56,Male,No,Open,Remain discover meet local cover local.
8c254cbd-1c25-49ce-99c2-b31e66e32c76,2023-09-12,12:51:00,Assault,Anna Nagar,13.014393,80.294376,18,Male,33,Other,Yes,Closed,Affect new teacher do much attorney religious.
9f10317c-72cd-4967-b071-2e907bac5f40,2023-08-04,22:36:01,Kidnapping,Royapettah,13.096052,80.202462,44,Female,44,Female,No,Closed,Pay then account product.
b70abcdd-1077-4330-b670-2047c73e655f,2023-05-22,10:38:27,Murder,Perambur,12.948164,80.159022,51,Female,50,Male,Yes,Closed,Exactly artist crime huge story.
716281a3-2011-4d1d-9887-0842b36fe42e,2023-06-06,01:48:35,Drug Possession,Porur,12.985616,80.101936,22,Other,64,Female,Yes,Closed,Allow himself continue federal.
defbfa37-db4a-46b6-bf55-7a061723b89f,2022-04-30,15:37:08,Fraud,Mylapore,12.940862,80.179864,26,Female,21,Female,No,Closed,New weight speak interview.
4de38bb3-2034-446a-b0da-29609d9d93f7,2022-05-10,13:09:18,Drug Possession,Guindy,13.080039,80.27439,40,Male,20,Other,Yes,Pending,Do beyond public.
a9f5b807-fa52-452b-83ee-e24eb3f47758,2023-03-17,10:43:37,Theft,Kodambakkam,13.031003,80.103488,48,Other,32,Male,Yes,Pending,Partner line sign.
40ac383a-ea73-463c-8ce6-fa9ddb74809b,2024-08-15,13:03:15,Theft,Perambur,13.073808,80.227302,38,Male,49,Other,No,Pending,Turn author society Republican.
3f1547bd-8cfe-4526-acd8-f7365cc7c10d,2023-10-21,22:22:05,Theft,Royapettah,13.008915,80.28265,52,Male,29,Female,Yes,Closed,Option quite road.
97690c70-1639-4945-ac1b-ed0d4ca8df54,2025-03-17,05:26:53,Murder,Adyar,13.055073,80.164181,25,Male,15,Other,Yes,Closed,Ahead operation add.
d67a5900-d4f8-402c-9151-1d8b9b3521d9,2025-01-18,21:02:32,Kidnapping,Kodambakkam,12.983315,80.152489,57,Female,12,Other,No,Open,Ask child line child.
21b44acf-918b-494a-bcc8-2be15d1550aa,2023-10-09,01:12:40,Burglary,Porur,12.903555,80.110522,18,Other,12,Other,Yes,Closed,Without none respond deal decade protect.
1c5abd91-e6aa-4b87-906d-8075b8c832e1,2023-12-28,23:02:12,Vandalism,Porur,13.096299,80.127538,56,Female,35,Female,Yes,Closed,Lose compare president few ten risk small.
781d75c4-7739-4252-8771-4dee3b1b7974,2022-12-21,14:58:21,Fraud,Adyar,13.021359,80.122756,26,Male,51,Female,Yes,Open,Door administration without technology candidate say night.
1a1c3b95-a8b0-4bf2-95a0-0c72581cbbfa,2024-05-29,22:08:41,Assault,T. Nagar,13.008222,80.110707,46,Female,48,Other,No,Open,Piece other actually herself memory if word against.
620f48c5-ccb7-435f-823c-bcbb4924978c,2022-12-09,19:40:24,Murder,Kodambakkam,12.903669,80.177602,20,Female,74,Other,No,Open,Blue care stop gas.
6676b384-88d2-48b3-b7ad-39146e55484b,2022-11-06,16:42:38,Drug Possession,Royapettah,12.946742,80.202273,32,Female,69,Other,No,Open,Firm quite major write music worker glass.
270f165b-dc8b-4613-89d1-b41323bdaf8d,2024-10-27,04:21:14,Drug Possession,T. Nagar,12.937825,80.235541,47,Male,59,Other,Yes,Closed,Yard sing dream government point religious seat.
541cd196-d790-4c02-9355-c108c23523d7,2022-07-01,02:02:58,Assault,Royapettah,12.986141,80.147503,45,Other,32,Female,No,Pending,Fact occur score chair travel sport face.
d59a55f5-7dd2-4103-aa1a-4b858eb39d62,2022-08-21,20:39:11,Murder,Perambur,12.951173,80.180587,39,Other,46,Male,No,Open,Class floor recent mind sign.
0ac87414-5062-4102-97af-35d678c7e6ed,2023-06-12,01:02:15,Burglary,Adyar,12.993029,80.223714,38,Female,56,Male,Yes,Open,If affect become character experience hope.
9f6c523d-beae-441a-8c02-230302d1f23e,2023-07-07,12:08:56,Fraud,Mylapore,13.042414,80.151794,53,Male,68,Other,Yes,Open,Book soon seek expert religious.
5d357bc8-8ecd-476c-b948-2121fb3ec541,2022-03-30,16:04:24,Kidnapping,Kodambakkam,13.068938,80.134487,56,Male,24,Other,No,Pending,Professor bag capital wait moment account.
52508fa9-fe7f-4d7f-9a36-93526f024d77,2023-05-07,04:26:13,Murder,Royapettah,12.962938,80.140792,59,Male,37,Male,No,Closed,Father popular hope this.
bd7ed35a-76e3-452e-83b6-a217f66aec65,2023-01-30,10:01:07,Fraud,T. Nagar,13.039366,80.276299,31,Other,39,Female,Yes,Pending,Believe drug former every tonight mean.
120f964f-84df-4f50-8f98-85186ab53ed3,2022-03-30,04:05:29,Theft,Guindy,12.971007,80.189316,54,Female,37,Female,Yes,Open,Always watch reach attack last career Democrat.
d5d10ce3-11f5-4f68-8a91-8a8bcc7e2aa6,2023-08-24,13:45:15,Drug Possession,T. Nagar,12.969663,80.206684,35,Other,55,Female,No,Pending,Site probably story might type whatever administration information.
8bca7dde-4922-43cd-9501-e44efc67515f,2023-08-27,01:45:31,Kidnapping,Mylapore,12.928114,80.145974,28,Other,65,Male,Yes,Pending,Their cut job hour remain long current.
231c8c54-db02-45b9-80e0-d3f42a5dfd1d,2023-04-12,22:08:02,Theft,Guindy,12.989935,80.211454,32,Female,76,Other,Yes,Open,Television scientist guess describe site recently care.
87f6e00f-9d3b-4b2d-80a4-80b5c242515d,2024-07-01,16:18:06,Assault,Adyar,13.092946,80.18528,27,Male,60,Female,No,Open,President protect make step could cause oil.
5734c15f-2fac-447b-8025-98f498b4ce42,2024-11-08,19:23:19,Murder,Anna Nagar,12.90185,80.177735,45,Other,73,Female,Yes,Pending,Base trade necessary opportunity time theory.
9074334d-d6e1-4f48-b571-024b77b328b5,2025-02-16,11:09:33,Vandalism,T. Nagar,12.981315,80.203335,44,Other,78,Male,Yes,Closed,Happy with true risk else range order.
bcee7ae6-ade9-497f-baf3-8524ea2eaa5d,2023-11-18,09:41:37,Kidnapping,Guindy,12.984688,80.249824,49,Male,37,Male,Yes,Pending,Or dream he he.
22cffbea-ce4c-4162-8454-cd0051ef1588,2023-12-25,00:35:11,Burglary,T. Nagar,13.092879,80.254345,34,Other,58,Other,No,Open,Security keep poor safe.
1172e60a-a497-4873-a734-f6261428afa8,2023-02-12,14:34:46,Burglary,Perambur,13.021723,80.107799,33,Female,39,Female,No,Closed,Return thousand woman card court magazine else.
b3ef7f0f-f1c3-4ddc-a229-bf11f60875d1,2023-11-06,15:29:51,Fraud,Kodambakkam,13.002368,80.11431,59,Female,14,Other,No,Closed,Realize about sure speak already evening.
5d387fad-921b-4603-98f4-212348a9ef93,2022-04-11,23:40:03,Burglary,Guindy,12.996453,80.158098,48,Female,72,Male,Yes,Closed,Strong likely hour whatever far down page same.
5ed92ed2-3f7b-4f6d-ad61-a647cecdc296,2023-11-08,18:34:28,Burglary,Anna Nagar,13.068556,80.180815,45,Other,56,Other,No,Pending,Trouble here issue stand together tax.
0f05b1d6-3808-40df-95d8-f89cca19ac74,2022-11-07,06:17:35,Fraud,Velachery,13.058667,80.106585,18,Female,76,Other,No,Closed,Business first stand.
f3d4c581-da77-4c1e-b692-093cbbf9610f,2023-10-14,02:29:25,Murder,Guindy,12.91779,80.23467,26,Female,80,Other,No,Open,Trade available prepare key catch control.
326e1b94-eafa-4545-b23c-5ab2e4c115f9,2023-01-12,22:26:34,Murder,Porur,13.092726,80.215682,44,Other,65,Female,No,Closed,Card increase close.
aff9694d-bfca-4ae1-85c2-fb97b3495e60,2022-08-07,18:30:39,Theft,Royapettah,12.94748,80.256703,55,Other,67,Male,No,Open,About him test enter.
71992891-e9ea-4f30-b82e-843bd41cc27c,2024-08-28,22:04:30,Assault,T. Nagar,12.920301,80.199351,54,Male,38,Male,No,Open,To hour never himself.
98aaaa9d-217b-40e8-a3ec-3bd34e93b182,2025-01-21,09:41:00,Vandalism,Mylapore,13.084272,80.151342,57,Male,62,Male,No,Closed,Detail where garden body.
eb750312-51e9-4a61-b55c-2e9fbbd040cd,2024-11-04,02:49:43,Vandalism,Perambur,13.005511,80.156535,26,Other,69,Other,Yes,Open,Action election move public.
602059f3-a0d0-4a98-9800-c144e617a990,2023-09-27,17:04:05,Drug Possession,Adyar,13.04805,80.193131,26,Male,20,Male,No,Pending,Pretty institution argue.
9bd7ce73-8aa6-4c1a-a27d-8d7bc9d274bd,2024-10-07,09:26:37,Assault,Guindy,13.068235,80.202759,43,Male,70,Other,No,Pending,Class production skill second dog worry word.
d5bec304-b2e1-4806-939b-c7bfd89b041b,2024-06-19,23:04:15,Vandalism,Guindy,13.098392,80.266833,31,Male,19,Other,Yes,Closed,Main space much do.
45a1a091-c23e-4173-aed5-ddf2b4340841,2022-10-30,05:39:03,Vandalism,Perambur,13.052571,80.13221,35,Other,26,Female,No,Open,Pressure weight over music for thousand.
5bfdb064-27b3-4d24-bbdc-0fd1f5fb3630,2022-06-10,07:49:33,Drug Possession,Velachery,12.97898,80.258179,22,Male,80,Other,No,Pending,Become work condition similar.
5dd00f15-d3ad-4fd1-b660-aa6230005af2,2023-07-12,14:48:39,Murder,Royapettah,12.934711,80.271852,28,Female,77,Female,Yes,Open,Happy seven technology current service usually where.
330aafba-297b-4d61-b2cf-db87bb69c4ea,2025-01-08,18:34:22,Fraud,Porur,13.086078,80.12613,31,Male,48,Male,No,Closed,Second prepare matter PM.
c0ff58cb-f187-4d4f-849f-cf2d2a7aa7c0,2025-01-09,09:12:07,Vandalism,T. Nagar,12.964879,80.261291,35,Female,58,Female,Yes,Open,Too condition understand center who.
b40e3ee7-27b6-44b4-963b-e6ef8c4c06c8,2022-07-14,15:01:17,Vandalism,Perambur,12.955749,80.196149,56,Female,47,Male,No,Pending,Want discussion ever unit tough southern once.
668fffc1-c78c-4178-9bea-05d8aa0d1670,2022-08-15,01:07:10,Assault,Adyar,13.034925,80.120614,27,Female,66,Other,No,Closed,Billion set score live nation positive hotel.
aafc3f03-0c23-4e0f-beec-cb3c5e9640e9,2022-12-02,22:49:18,Vandalism,Anna Nagar,13.017033,80.140855,21,Other,52,Other,Yes,Closed,In add return.
ee6ee0fb-bf4b-4b06-902d-128a8e53f501,2022-08-28,11:53:27,Assault,T. Nagar,12.990133,80.102202,48,Male,33,Other,No,Open,Head large week.
85af7d91-523b-4336-9787-4ad375293ca8,2024-03-09,03:16:46,Kidnapping,Perambur,12.990155,80.297833,43,Other,58,Other,No,Pending,Political create exactly.
1bc26609-6e96-4b6c-9d10-28545469960e,2022-08-25,19:18:22,Assault,Royapettah,13.090038,80.271791,42,Female,47,Female,No,Open,Ball data task use wait walk.
df0e5da8-0b93-440e-9162-453c883fba25,2023-04-22,17:18:58,Kidnapping,Porur,12.957688,80.233506,36,Female,18,Female,Yes,Open,Because share will tough rise.
a9ebd1a7-32be-4a62-b306-99777166f1ec,2023-06-20,07:30:56,Kidnapping,Anna Nagar,12.95811,80.159769,35,Other,54,Male,Yes,Closed,Day how stock box him music begin.
72e2dfd2-f0f2-42ac-ad51-68d3f795689b,2022-06-13,22:26:32,Fraud,Royapettah,13.025861,80.147992,24,Male,53,Other,No,Pending,They stuff tonight save trial sometimes though.
45578677-0881-4966-bd73-c8ae95384ce6,2023-08-20,12:56:12,Murder,Perambur,12.992555,80.204285,60,Female,21,Male,Yes,Pending,While art bed someone billion.
bb096466-c0a9-4620-9a8c-b2c2af213c64,2023-12-05,00:23:56,Drug Possession,Porur,13.077475,80.145055,25,Female,76,Female,No,Pending,Decide every time film.
e80a05b0-f9ba-44cf-b0a7-c608423b86bb,2023-07-15,18:11:05,Burglary,Royapettah,13.024583,80.209281,44,Female,48,Female,No,Open,All car usually cold.
888aa0cb-5331-472d-a08f-cd0226e97623,2022-12-26,21:38:14,Drug Possession,Anna Nagar,13.041147,80.118998,36,Male,51,Male,Yes,Pending,Less total information care dark statement.
3ca82216-af5e-474e-bfb8-d8c04fef454a,2024-04-01,06:19:53,Burglary,Porur,13.035232,80.180641,33,Other,39,Other,No,Pending,Case story cause.
17ce6cc8-7caa-4f6a-b115-87be8c6d060e,2024-03-03,22:14:29,Theft,Anna Nagar,12.953753,80.227317,50,Female,32,Male,Yes,Closed,Carry manage sea drop evidence election shoulder per.
3fb8912d-80e5-4952-8df2-0d461602cf0f,2024-05-27,06:37:06,Drug Possession,Adyar,13.022011,80.170002,50,Female,11,Male,No,Closed,About point its future.
e5969363-f433-4094-bfeb-badec7e3f98f,2022-06-03,01:40:35,Drug Possession,Kodambakkam,13.095503,80.289154,24,Female,10,Female,No,Pending,Yeah assume trial adult be capital.
e0a2720a-e04c-4db1-b5da-648822050a2c,2024-05-15,15:14:37,Burglary,Kodambakkam,12.992012,80.154748,33,Male,36,Female,No,Open,Tree life let sit.
b0428ca3-4907-4105-a279-3a7ebddbe38d,2024-10-20,05:55:50,Kidnapping,Royapettah,13.083606,80.291287,23,Female,68,Female,Yes,Closed,And tonight front his measure consumer away recognize.
7e5eed9a-f3a2-41d7-9740-0c7103dc5968,2023-05-23,12:02:36,Burglary,Velachery,13.091505,80.118846,56,Male,63,Other,Yes,Closed,Daughter free boy down stock hour make indicate.
69075fb8-1996-4a5c-836b-75131c4b3655,2024-12-19,04:50:24,Burglary,Guindy,13.08879,80.14124,42,Male,52,Other,No,Closed,Meet evening or difference.
0e689626-c701-4dc9-b35d-a0b0e0007ec9,2025-01-31,12:53:19,Assault,Porur,13.059565,80.108327,39,Other,54,Other,Yes,Closed,Behind worry issue heart a article.
6d938b14-516a-4b26-b44e-d4bc71293190,2024-03-02,02:17:24,Drug Possession,T. Nagar,13.083968,80.207834,46,Other,15,Female,No,Pending,Offer including writer movement tonight it.
717c5bd8-cc61-4f41-8399-7c8dd5d8a551,2023-05-11,04:19:30,Kidnapping,Kodambakkam,12.918136,80.262399,38,Other,72,Female,No,Pending,Edge despite story church heart.
a6b17205-0bd0-42e8-9ef5-7ea0f782c1b2,2023-08-15,20:56:53,Theft,Kodambakkam,12.925582,80.29609,56,Other,14,Male,No,Open,Make exactly wonder thus edge PM sound especially.
25c6f50c-745c-46ba-965c-2a209d9a5045,2024-09-16,09:41:15,Kidnapping,Adyar,13.095845,80.206123,29,Female,64,Female,No,Pending,Drive fact year.
17bde93a-5d6c-46c6-b170-82917ab0b8da,2024-11-18,23:35:17,Burglary,Adyar,12.951883,80.235285,41,Male,44,Female,Yes,Pending,Back worry sit discuss protect.
f465d8aa-7770-46b6-9209-384a821ab773,2022-06-21,13:02:16,Assault,Perambur,13.012475,80.163364,25,Other,22,Other,Yes,Closed,Community range health base develop these order hold.
bfae909a-1a1d-4b4e-9497-45bcc80ff732,2022-09-28,01:21:51,Drug Possession,Guindy,13.057844,80.249246,33,Male,52,Male,No,Closed,Even worry century occur that no.
80a38a8b-c17c-421b-b082-4d56ac3f4820,2024-05-18,06:28:24,Murder,Anna Nagar,13.036331,80.249378,35,Other,76,Other,No,Pending,Up girl play identify meet present.
afb55251-1ffc-454f-8dab-0156a1b15a77,2023-05-29,11:01:53,Vandalism,Mylapore,12.909338,80.116717,22,Other,78,Female,Yes,Pending,Give budget can race article lot pick.
aa905729-94da-4585-9921-76bdaddcce5a,2024-08-20,18:48:03,Kidnapping,Guindy,13.090985,80.254179,37,Male,22,Female,Yes,Open,Marriage speak whom just table.
9fec3613-397c-4a9d-9217-c9704f07c82e,2024-02-08,04:31:45,Fraud,T. Nagar,13.08181,80.27429,53,Other,23,Female,Yes,Open,Newspaper traditional third wait full less.
366a4be1-bace-4305-9dc2-496336de05dc,2024-08-30,15:57:31,Burglary,Royapettah,13.078332,80.233058,22,Other,57,Other,Yes,Open,Reflect leg over character big they Democrat attention.
5643135d-2382-46e2-8447-6969bbf99586,2024-07-14,19:34:27,Assault,Porur,13.06251,80.144421,38,Other,77,Other,Yes,Closed,Poor nearly relate close threat feeling exist.
aa8e25e9-3c17-4d12-9aad-66cc52559139,2022-05-11,11:49:29,Vandalism,Porur,12.917827,80.112262,31,Male,23,Other,No,Closed,Term suddenly southern six store these indicate.
54d2ef5a-4606-482b-90b0-9878749ad530,2023-03-18,09:03:54,Kidnapping,Royapettah,12.994154,80.291476,58,Female,50,Female,No,Pending,Live yourself production find Congress.
793e9dec-b97f-46ef-8318-41d6e97d83a4,2022-09-16,08:33:59,Assault,Royapettah,12.952983,80.119789,55,Male,23,Female,No,Closed,Rock other today cell green.
08d44f01-bf6a-4c55-8a67-8087e3b8ffd1,2023-04-24,23:29:02,Vandalism,T. Nagar,12.999679,80.258705,48,Female,21,Other,Yes,Pending,Focus tonight building view become serve.
91cd0b60-de8f-40ba-a473-da780a33025a,2023-03-03,17:09:54,Assault,Velachery,12.928111,80.179109,48,Male,52,Male,No,Closed,Bar shoulder contain anything oil.
c1b2e19d-330a-41ec-9514-a97b16bab7c1,2022-07-05,23:06:54,Murder,Adyar,12.936498,80.221385,26,Other,53,Female,Yes,Pending,Evidence them say factor small security contain.
b4d84724-d99b-48cb-9fc0-60de99ee3d83,2024-01-01,00:23:06,Vandalism,T. Nagar,12.93656,80.297145,36,Female,15,Other,Yes,Closed,Effect position can eat who management.
1303fb42-6f52-42ca-913d-bf5423ba35bf,2023-06-29,20:38:59,Kidnapping,Kodambakkam,12.933545,80.148146,57,Female,53,Male,Yes,Closed,Suddenly stuff allow quickly check set talk.
15532262-7382-42f0-96c2-a76b0426e1b3,2024-03-23,08:39:03,Burglary,Royapettah,12.925755,80.25688,45,Male,29,Male,Yes,Open,Manager choose point politics house focus.
32d7db0f-df67-43dd-ba0a-74b803e75398,2022-08-28,12:31:27,Murder,Mylapore,13.039315,80.274656,55,Male,69,Female,No,Closed,Seven executive week very.
b820fda4-cf40-42f4-8ead-de4e061c8b00,2024-04-04,17:48:44,Drug Possession,Velachery,12.989125,80.251831,50,Male,59,Other,Yes,Pending,Scene can dinner why significant consumer.
c1f78d24-7936-4aa0-810c-f00efdb0f1c5,2024-05-31,12:36:09,Vandalism,Royapettah,13.098122,80.118051,32,Male,16,Male,Yes,Open,Significant speech baby avoid tend.
a442ec97-8bea-4bdc-8ada-d04a983c982d,2022-08-07,19:48:29,Vandalism,Kodambakkam,13.026851,80.192623,48,Other,32,Female,Yes,Open,Garden need note expert six modern consumer.
881e677c-cdfa-4ced-a217-4450266da9cb,2025-01-17,09:36:44,Assault,Anna Nagar,13.086338,80.236661,44,Other,51,Other,No,Closed,Likely would us purpose.
444e9355-9415-4044-b85f-2b5c28bfb0c9,2022-11-22,06:07:16,Assault,Kodambakkam,13.007741,80.195824,32,Female,70,Other,No,Open,Over whom trouble arm while.
ff3fa029-209b-4fc7-9649-87ec1186be38,2022-10-26,11:17:21,Drug Possession,Velachery,12.906302,80.268649,19,Other,20,Female,Yes,Open,Everything population find add hospital threat resource.
a348adb4-d780-47a5-a0b3-1cc959541105,2023-10-06,19:24:00,Fraud,Anna Nagar,12.937872,80.199298,47,Male,17,Female,No,Closed,Foreign nearly along investment.
bb145b6d-6bec-4934-8c3e-ef134441d449,2024-08-27,08:02:53,Murder,Kodambakkam,12.985713,80.1816,55,Other,55,Female,Yes,Pending,Stock economic you.
3c543129-7164-4364-810b-53725d59362d,2024-01-05,10:03:40,Assault,Adyar,12.957153,80.110412,44,Female,14,Female,Yes,Open,South likely yet reflect.
7c2f18f8-1262-4ab6-9e63-2d895670790b,2022-06-03,00:13:45,Vandalism,Kodambakkam,12.963658,80.150828,48,Other,21,Male,No,Closed,Culture old major address year worker each.
8628b93b-de4b-47b0-bd85-b70b73c7fcc5,2022-12-25,01:00:31,Fraud,Porur,13.079307,80.194736,21,Female,11,Other,Yes,Closed,List plant table develop structure.
3b5af682-a981-48d9-8730-5d047fae271c,2024-09-14,02:34:02,Vandalism,Anna Nagar,13.083627,80.127208,20,Other,37,Other,Yes,Pending,Get many miss within whatever adult.
b7434256-8085-4286-a090-4cf144119855,2023-09-18,10:25:41,Murder,T. Nagar,12.958701,80.243549,40,Female,63,Male,Yes,Closed,Physical growth hot remember must mention news never.
2f603551-5b01-49a0-8bd6-70773a446caf,2022-09-21,17:04:44,Murder,Porur,13.017053,80.233146,50,Female,12,Female,No,Open,Allow until change almost room while.
f97b8483-6287-45b2-8650-8dc981548c6d,2024-11-14,03:31:08,Assault,Anna Nagar,13.060839,80.257007,36,Other,27,Other,Yes,Pending,Pick doctor compare project.
ed80abc9-227d-41dc-8161-f55bfbaed879,2024-12-24,11:14:37,Fraud,Adyar,13.086672,80.254285,22,Female,13,Male,No,Open,Follow see fish full.
03492abb-8b3d-44d5-a2cf-2f64a87a8fc1,2022-11-11,17:32:01,Vandalism,Royapettah,13.038008,80.254953,39,Other,12,Other,No,Closed,Newspaper network seem.
9cb6c469-c12f-45a4-89c4-70bc3c5673c5,2023-04-25,07:05:33,Kidnapping,T. Nagar,12.932512,80.283498,50,Female,53,Other,No,Pending,Month sense though ever say pass.
074293b2-743c-41cb-98a3-01e030002c9b,2024-08-24,01:36:02,Kidnapping,Velachery,13.02351,80.118396,30,Male,73,Other,No,Open,Indeed begin practice drive benefit American find.
5a28dc99-689f-42f7-9fd6-029f283c9478,2024-03-24,12:24:02,Fraud,Porur,12.904779,80.219091,23,Other,34,Male,Yes,Closed,Theory should business as seem bill.
4b3ff0ed-5de0-4728-9d67-cd7776ec2f9f,2023-06-05,13:39:03,Theft,Anna Nagar,13.041194,80.253392,25,Male,37,Female,No,Open,Within charge health price old along tough.
b288f32f-42da-4eb5-997f-47c31d7b5e28,2023-06-19,04:59:02,Burglary,Anna Nagar,12.95075,80.220543,38,Other,62,Female,Yes,Open,Difficult generation season true.
33efe62e-f921-4a6f-8f5c-a6c4ce548010,2025-01-31,16:46:45,Fraud,Guindy,12.961044,80.105001,23,Male,32,Other,Yes,Pending,Term ahead dream.
fecc7521-2968-4774-b036-87cc699e4e13,2024-06-18,08:38:15,Drug Possession,Adyar,13.053224,80.199805,30,Other,60,Other,Yes,Pending,Rise compare spring travel crime music investment.
10ef91b3-61f2-4e5f-9625-d56a39c6a825,2022-04-09,01:30:24,Assault,Royapettah,13.046225,80.127174,40,Male,51,Male,No,Pending,Nearly we product challenge politics until.
92a6eb2b-6770-4f22-9f85-db2e0c3d898c,2024-09-02,12:20:56,Assault,Mylapore,13.045031,80.127159,53,Male,22,Other,No,Open,Say blue center increase activity spring.
b8fcfb96-2ed5-4134-86c8-5bbc424790d9,2023-01-26,10:20:45,Murder,Guindy,12.952259,80.10224,45,Other,15,Other,No,Open,Big occur high.
8c6f4c5f-bc68-4971-9dc9-0f43988b0f1d,2024-08-23,21:39:27,Drug Possession,Perambur,13.056808,80.137008,36,Female,77,Other,No,Closed,Future study model.
fd90a5bc-6a5a-4876-8fa1-1998a287e687,2024-12-05,18:09:59,Assault,Adyar,12.904457,80.181335,44,Female,60,Male,No,Open,Do here particular performance early peace data.
3855eebc-aa70-4a32-b8eb-48dc11067178,2024-02-25,06:00:13,Drug Possession,Velachery,12.963631,80.168979,35,Female,62,Male,No,Closed,Weight onto take together prepare people skin that.
a5084175-4e0f-4e25-b307-71c2ff1a7a0e,2022-08-24,23:29:02,Burglary,Perambur,12.91611,80.247181,47,Other,53,Male,Yes,Closed,Great sense participant forward lead degree share.
8739ad7d-cccd-41d0-86a3-add2fd1087ba,2024-04-27,00:58:49,Drug Possession,T. Nagar,13.007299,80.148589,44,Male,45,Other,Yes,Open,End range pick detail the benefit between compare.
c339f095-5619-43d8-8aad-aa6f30e71468,2022-09-05,06:54:31,Assault,Porur,13.048103,80.123463,24,Female,16,Male,Yes,Open,Program stop several still us compare impact modern.
627c0b43-57f8-4d25-a4c0-ad287e0a43eb,2023-02-15,17:26:41,Assault,Porur,13.070663,80.251868,37,Female,26,Other,No,Open,Half top over project test white.
9b716220-d97c-4617-954f-7a00e2a9b078,2024-05-16,01:28:06,Assault,Porur,12.94039,80.248857,45,Other,62,Female,Yes,Open,Beautiful do billion decade manage building.
5c3a59d4-7ab2-434a-b41f-4c50d4c557cb,2024-02-25,13:39:20,Burglary,Royapettah,12.966972,80.225817,26,Male,30,Male,Yes,Pending,Free foreign appear.
9b748ef2-120a-434d-9c27-e93341c9058f,2023-03-25,20:07:30,Kidnapping,Adyar,13.093129,80.15037,43,Female,70,Female,No,Closed,Middle century positive head.
083f0174-8631-4dad-b116-e8431a3c948d,2023-05-28,00:39:33,Vandalism,T. Nagar,12.984721,80.207442,47,Other,78,Male,No,Pending,Choose her produce stage or general.
7489233a-5366-4d95-ab85-e8bd2e070baa,2022-11-28,10:18:42,Kidnapping,Velachery,13.02168,80.12791,24,Other,28,Other,Yes,Closed,Case coach measure how project career.
4405c67c-09b6-4645-89f5-5e9ac14e12e3,2022-10-15,05:06:34,Fraud,Mylapore,12.985508,80.265724,24,Male,23,Male,No,Pending,Responsibility individual eye various the.
ee4e4e02-e8ff-48ef-acf2-c48f7aac1a3e,2022-12-26,01:04:32,Assault,Royapettah,13.09282,80.160698,19,Male,46,Female,No,Pending,Marriage one wall more.
534df02f-8332-40eb-98f3-58a5bcd20194,2022-09-20,05:20:36,Fraud,Anna Nagar,13.063668,80.208178,25,Female,70,Female,No,Pending,Table various yard effect those stay.
9c3c6146-1e5b-46fd-a9f2-f9634c6a8733,2022-06-29,14:54:55,Fraud,Adyar,13.095426,80.247805,56,Other,29,Female,Yes,Closed,Focus time finish set business heart half method.
c5d781b7-1f21-4ebb-8c7a-f99efb92e1ca,2023-05-26,02:14:06,Burglary,Guindy,13.072401,80.208383,20,Male,62,Male,No,Closed,Agency cultural pressure.
0c141c98-162a-4bbe-907f-340f995720db,2023-01-25,15:51:49,Fraud,Perambur,13.01922,80.206016,34,Male,35,Female,Yes,Closed,Family lawyer form fight.
4ba54d6c-d543-4020-be3c-4386ffdb81b4,2023-02-07,22:48:46,Fraud,Velachery,12.911126,80.162834,46,Male,26,Male,Yes,Open,Red others human world whose.
768177f3-bcfc-4467-aa8a-4cb64062d062,2024-12-12,15:49:21,Vandalism,Mylapore,13.038673,80.246355,26,Female,28,Female,No,Pending,Per unit impact tend value.
09057ae4-852f-4ba8-8c3a-7a41f32e3cf4,2024-11-10,23:19:47,Kidnapping,Kodambakkam,12.99059,80.102368,59,Male,15,Female,No,Open,Doctor rather future series.
ed2ea8e3-52e8-4043-aacb-13e09da318e3,2022-07-18,23:51:52,Fraud,Porur,13.084324,80.264347,19,Female,30,Female,No,Open,Audience opportunity increase scene simply rock they.
a2686ced-4a7f-4db7-88f1-70970afcd61b,2022-05-22,02:30:49,Kidnapping,Kodambakkam,13.09152,80.144892,49,Other,71,Female,No,Closed,Size cold artist.
f0abe109-625f-44e3-ac28-51202d2c0c6d,2023-09-30,19:52:26,Vandalism,Anna Nagar,13.037168,80.10702,39,Female,11,Male,Yes,Pending,So again employee need more.
433e9a4e-2983-46cb-ad1c-ac64b2f8b081,2024-11-11,21:42:42,Murder,Adyar,12.958711,80.182921,45,Other,68,Other,No,Pending,Tax collection simply every world anyone.
b07c1ba1-b972-4cc3-ac61-b856bd8474b6,2022-10-19,22:14:27,Vandalism,Anna Nagar,12.988527,80.202746,42,Male,70,Other,Yes,Closed,Through century finally alone who adult.
7dcaf390-9875-48a8-be54-8dacdc37b224,2024-06-19,10:36:39,Burglary,Perambur,12.978983,80.226502,23,Other,50,Female,Yes,Open,It part tell major.
d9c3c8b0-e1f0-4968-ad86-02da14ed99db,2024-03-10,14:37:07,Assault,Porur,12.923577,80.110288,22,Male,62,Female,Yes,Closed,Give firm financial civil let increase.
9315166f-3a88-4803-90e8-5caad4b9e4b6,2023-06-21,17:16:00,Vandalism,Velachery,13.065182,80.238912,18,Other,16,Other,No,Closed,Off pressure attack must region turn.
aacf9764-3c8c-4f8a-9010-0d847a3cfdbd,2024-08-13,20:39:19,Burglary,Mylapore,13.077783,80.16388,52,Other,76,Other,No,Closed,Name position character certainly.
6995cfde-fdf1-4f21-8f8b-08ced5872ae6,2024-11-21,10:46:56,Assault,Guindy,13.008426,80.16616,20,Female,50,Other,No,Pending,Old treatment brother test child night chance.
5cb1479d-f866-4fa1-b350-bbdb79c03aef,2022-09-23,03:45:39,Kidnapping,Perambur,12.951485,80.142566,30,Female,55,Other,No,Closed,Central family commercial this.
06350017-0724-45a5-87c1-8cf2d1a2de1e,2023-09-27,14:18:53,Vandalism,Mylapore,13.036463,80.228823,57,Other,53,Male,No,Closed,Argue heavy born if.
91e29b7b-2b53-4fb7-8de5-008fa04a0fee,2023-05-06,18:57:33,Assault,Royapettah,12.939818,80.279764,59,Male,30,Other,Yes,Open,Player sell lawyer teacher.
31f71295-2e7e-4995-b49a-87c6e7fe129c,2022-06-11,08:54:11,Kidnapping,T. Nagar,12.903079,80.20237,58,Male,19,Other,No,Closed,Break address recent focus.
7ef6b18f-83b5-4333-87c2-0afd8dc08d4c,2024-10-21,23:38:54,Fraud,Adyar,12.947635,80.248201,55,Male,25,Female,Yes,Open,Analysis risk while same improve situation yet.
12cabbc5-d658-4e27-8068-98fe26b17407,2023-04-11,13:15:26,Assault,Kodambakkam,12.97029,80.281122,26,Female,12,Other,Yes,Open,Color listen when dark.
6fe0e101-f749-4476-8d2e-6ec5eeece9ae,2023-01-21,00:53:06,Murder,T. Nagar,12.978236,80.227598,34,Female,45,Other,Yes,Open,Do should single than window could development garden.
71fe7870-c489-47ae-a6d0-b1fe42292244,2024-04-30,12:46:05,Murder,T. Nagar,13.079516,80.191377,43,Male,70,Male,No,Closed,Scientist box man structure enjoy adult stand.
f6ea77c5-e1d4-4fc5-9eb1-7fa20c382000,2024-01-03,13:27:22,Theft,T. Nagar,12.926157,80.298343,18,Female,10,Other,No,Open,Truth body whose popular.
0140796d-9cea-4b65-a07b-714e3846af27,2024-05-12,10:32:07,Fraud,Adyar,12.972386,80.170191,52,Male,45,Male,No,Closed,Financial tax old light hard language or those.
2d5b4f7f-cff6-462c-a25f-1a43114bf0c8,2024-06-08,17:06:57,Theft,T. Nagar,12.990221,80.1171,21,Male,36,Female,No,Closed,Ability information arm.
9bbc56c4-888e-4eb7-945e-eaaeadc76f1c,2023-09-08,23:02:39,Burglary,Porur,12.990374,80.108838,35,Other,48,Male,Yes,Closed,She TV single factor.
ff475ba4-c3f1-4a6d-9421-eb5a5676fad8,2024-09-26,02:01:17,Kidnapping,Anna Nagar,12.98776,80.264455,38,Male,80,Female,Yes,Open,Wife family include despite.
cb45a2da-a0ce-43c8-84fd-23e21d15b2ae,2024-04-17,14:15:23,Fraud,Anna Nagar,13.047862,80.109403,39,Male,16,Male,No,Open,Fill one film point their.
86b884f7-a312-45d8-9689-69ea0bb379d8,2022-12-20,00:43:19,Burglary,Perambur,13.090726,80.127747,23,Other,26,Male,No,Open,Ahead line glass color left perhaps.
97144735-8e4e-4cbe-ad07-68bf000b08f5,2024-01-28,23:33:33,Murder,Mylapore,13.001586,80.104797,32,Other,62,Male,Yes,Open,Its arrive example.
b36df5b0-ffcc-4a0e-b67b-18c039e2a69b,2025-02-24,06:37:34,Drug Possession,Kodambakkam,12.936855,80.257575,44,Female,66,Other,No,Pending,Them brother investment lay popular little together.
09dcf464-f765-4ed6-9b03-c2ab5e47491c,2024-10-02,11:06:34,Murder,Guindy,12.912814,80.287993,24,Male,25,Other,No,Closed,Key heart require.
b5de174f-0986-456d-8b4c-201c40caadaf,2024-08-08,02:48:18,Assault,Anna Nagar,12.996389,80.189767,25,Other,22,Female,Yes,Open,Past ever yard their.
1e3a813b-8d06-49a2-bc66-ff1cad99d20c,2022-07-04,12:35:07,Burglary,T. Nagar,12.930365,80.150052,18,Other,42,Other,No,Closed,Community sit across where dog moment budget.
2bf12de8-fc81-4d0d-9d30-8a879684e27e,2024-07-12,03:34:06,Assault,Adyar,12.928718,80.176219,50,Male,15,Female,Yes,Open,Gun group effort so improve often.
6e8d5735-c4c8-40f4-a35e-8c6f7f71f1c2,2025-02-10,06:08:35,Vandalism,Mylapore,13.00613,80.163084,22,Other,59,Other,No,Pending,Their space toward remember some.
0906d4b1-931e-4cf5-8c02-4664945bddc8,2025-01-05,11:43:57,Assault,Royapettah,13.012494,80.177818,40,Male,78,Female,No,Pending,Hour election choose to expert image off get.
d90a7462-b201-4db5-868e-3b16e3c43b76,2022-11-18,21:18:27,Kidnapping,Royapettah,12.972173,80.182726,49,Other,73,Other,Yes,Closed,Eight decision pretty agency.
419f624e-4db4-4798-bde4-bd26977b769d,2024-03-11,17:59:37,Burglary,Velachery,12.992754,80.159162,56,Male,53,Other,Yes,Closed,Well best meet analysis full service short.
382468ee-5cfc-4c5b-9cd8-dd154eb3845a,2023-11-04,17:23:20,Murder,Perambur,13.065799,80.171088,31,Female,25,Female,Yes,Pending,Although beautiful difficult.
332856e8-52ee-46ea-9763-c94a61cc982d,2024-10-23,10:19:31,Murder,Guindy,12.937049,80.259049,28,Female,79,Other,No,Open,His measure cell remember top lawyer.
b6fa79d0-f9dd-4f40-b634-62fbf3035d59,2024-01-19,21:12:39,Vandalism,Adyar,13.007825,80.203332,45,Other,70,Female,No,Pending,Organization Democrat late interest.
c937b723-6861-4851-9aec-f46a3c9dd40b,2024-12-08,10:16:46,Kidnapping,Perambur,13.044793,80.122739,23,Female,39,Male,No,Open,Can finish second director.
a1183903-e458-48e6-84cc-bf964742a0a7,2023-10-06,01:28:42,Fraud,Mylapore,13.091828,80.240176,45,Other,68,Female,No,Pending,Federal war everything half.
54c3a0a9-3630-4c59-830b-91f1b8709128,2024-11-10,22:57:29,Assault,Perambur,12.957963,80.125303,33,Other,17,Female,No,Closed,Vote camera economic study.
6bebe2c3-1a8b-4d24-bab9-c00a052a6ce0,2024-08-12,08:38:23,Burglary,Porur,13.004834,80.278069,37,Female,54,Male,No,Pending,Painting finish program find defense.
4d4c2ca6-75ed-48ca-9858-4786cd448666,2023-11-12,06:05:34,Vandalism,Velachery,13.043411,80.219087,40,Other,67,Other,No,Closed,Ahead much old pick activity official husband light.
b489f68a-bb90-40da-a85d-252ddfb98bd1,2024-07-25,14:19:22,Assault,Perambur,13.078448,80.216754,24,Female,35,Female,Yes,Open,Second rather movement represent.
9bbd3fc4-aa68-4d0e-8216-34417f22bcd2,2022-07-07,03:16:36,Burglary,Kodambakkam,13.033207,80.204191,36,Female,70,Other,No,Closed,Environmental west marriage down.
0a63ba91-aa59-42fc-aa44-3d9136dded5c,2022-04-20,13:32:23,Burglary,Guindy,13.078324,80.136198,40,Male,64,Other,Yes,Pending,Space worker day friend look thought.
840f43dd-ab3f-415b-aac1-166d9f6ae468,2023-10-22,23:26:52,Kidnapping,T. Nagar,13.053649,80.266173,37,Male,39,Male,No,Closed,Wife support nor before life push front record.
9d14e040-4b36-4c16-991b-09e569e23ef2,2022-09-05,03:09:06,Vandalism,Porur,12.992521,80.193231,56,Female,60,Male,Yes,Pending,Detail whole east them huge our.
37df9d6b-5ec5-4e90-8b99-2975ee1b44c9,2024-04-28,05:15:00,Murder,Anna Nagar,13.009801,80.117936,52,Female,74,Female,No,Open,Push itself treatment concern sit.
2b6b6d1f-edb3-45c7-be95-a4836b1c0f8d,2022-09-23,12:01:26,Murder,Guindy,13.098298,80.110325,25,Female,67,Other,Yes,Pending,Ability trouble box manage live.
bfce111e-9eae-4d01-9148-19a84a9bf157,2024-10-22,18:51:34,Burglary,Royapettah,12.906992,80.169738,33,Other,79,Female,Yes,Open,Reduce run build sport develop.
02ce9c5e-8cfe-4ec5-b59a-5373542bb831,2024-02-27,03:23:28,Burglary,Guindy,13.068581,80.106837,37,Male,13,Female,No,Open,Perhaps between take use make growth national.
a419ace0-2848-4fe9-8124-bb023d20432c,2024-10-25,07:42:25,Burglary,Porur,12.945674,80.270688,22,Other,16,Male,No,Pending,Early nor crime bit stop room.
b4dc9909-b9ee-459d-a6a8-5d5d3f3018a3,2024-09-18,20:31:14,Theft,Velachery,13.004953,80.180876,44,Female,51,Other,No,Closed,Message every positive probably.
d745e289-b659-4cb0-877f-78c603b98a9b,2024-02-15,23:06:43,Burglary,Kodambakkam,13.072387,80.136182,47,Male,17,Male,No,Closed,Wall kid six.
e3a2cbae-acf7-491c-92c2-a60ed1f54bba,2024-09-11,18:01:17,Drug Possession,Royapettah,13.067172,80.141723,48,Female,17,Male,No,Open,Street trade shoulder mean.
34ebd87d-f14a-45e2-a318-ab73ee1563b1,2022-07-30,21:08:58,Burglary,Mylapore,13.053092,80.139512,50,Other,23,Other,Yes,Pending,Quickly to protect store court raise service.
30886245-cc1f-41d9-bf62-9dc7d8c77eaa,2023-06-04,09:33:04,Fraud,Adyar,12.93393,80.116652,55,Male,61,Male,No,Open,Full north quite understand above right station.
71a722a6-6b97-489f-adc4-bbc40a5ebded,2023-03-26,03:19:41,Drug Possession,T. Nagar,12.947248,80.157819,46,Other,72,Other,No,Open,Card require city involve well.
6feb4423-425c-4095-9f82-b98d27d12a07,2023-08-29,19:30:10,Fraud,Kodambakkam,12.934631,80.154257,23,Male,47,Other,No,Open,Office order east religious push computer girl speech.
9cc34c46-1ced-42ff-9b44-a4532b17172e,2022-12-02,23:40:41,Burglary,Adyar,13.098037,80.134328,36,Male,80,Other,Yes,Closed,Four over these yard risk onto politics together.
a2979551-99d1-45ac-b8a5-e537c5cd3e9f,2024-02-07,11:02:43,Assault,Perambur,13.066017,80.185191,60,Male,43,Female,Yes,Pending,Skill race day above.
c9f92f62-0370-4548-abd7-05685e44d92b,2022-10-02,11:25:03,Fraud,Guindy,13.060907,80.179052,45,Female,36,Female,Yes,Open,Down wish him.
d7a0a5dc-9cda-47bb-b354-7b9188933742,2023-11-21,07:16:18,Theft,Perambur,13.052682,80.194232,20,Male,77,Female,No,Pending,Mention agency peace front.
3c44e616-8e1d-47e9-9497-735a45462c92,2023-05-03,02:33:00,Theft,Perambur,12.915067,80.265329,34,Other,59,Male,Yes,Pending,Take control beat matter.
51ff27f0-2cb4-47f8-9088-dc96b0549484,2024-05-04,05:50:50,Vandalism,Velachery,12.912459,80.287546,24,Male,80,Female,No,Closed,Perform hold control by seat modern important.
bf4513bc-0523-467f-ab7f-6aac898998e8,2023-07-12,09:31:13,Assault,Anna Nagar,12.925143,80.241238,54,Male,49,Female,Yes,Closed,Get provide rise growth.
fc0da27a-a05b-4fb3-ade8-5dad064f8bd4,2024-05-29,18:30:27,Kidnapping,Royapettah,13.050278,80.292906,19,Other,15,Female,No,Pending,Tree trial high usually age situation program.
79ed17b0-04b8-4d07-bafc-ea33c6e88b5b,2024-11-29,17:11:44,Murder,Royapettah,12.973439,80.212779,47,Other,62,Female,No,Closed,Back share weight quality be.
6510a33b-1759-495c-9d5d-82143f85ad2d,2023-09-01,17:00:54,Kidnapping,Velachery,12.996388,80.217672,26,Male,17,Female,Yes,Open,Discussion vote laugh worker lose blue beyond level.
1c647a14-f7c0-4565-815f-4b76cc1f9ee9,2023-01-01,17:25:51,Fraud,Kodambakkam,12.906166,80.251566,38,Female,80,Female,No,Open,Outside floor carry protect challenge.
e8676192-3329-403a-afa5-faacce7a06b6,2022-04-27,10:24:25,Assault,Mylapore,13.022152,80.262127,36,Other,41,Other,No,Open,Million night that.
3631e779-bd61-4d09-96bb-81cf9ff6fa3c,2022-05-21,13:28:26,Fraud,Adyar,13.028186,80.251867,51,Female,23,Other,No,Closed,Meet open responsibility forward.
89acd72d-bdf5-40c8-b762-c80ffad60a36,2022-05-03,06:15:19,Burglary,Royapettah,13.017621,80.185653,40,Male,10,Male,Yes,Pending,Six science allow.
545dbcb4-a287-42ca-958a-9a58a5c72702,2023-12-28,15:09:34,Assault,T. Nagar,12.956812,80.258482,57,Female,15,Male,Yes,Pending,Old of growth fund long still fear type.
13b39451-3194-4057-aec2-3b0c7c7a65ed,2024-10-26,21:56:46,Drug Possession,T. Nagar,12.968027,80.267145,26,Other,63,Female,Yes,Open,Special cell field subject dinner position.
226cea87-74ff-48bf-8dd5-733ad3cc941c,2022-10-07,07:10:39,Burglary,T. Nagar,13.005677,80.276739,38,Female,79,Male,No,Pending,Fact down meet.
ebe3a83d-862c-4de6-82db-bca2572efa36,2024-03-02,13:43:32,Drug Possession,Mylapore,13.084712,80.258081,57,Female,42,Other,No,Open,Find lawyer according sing.
ca800cf9-5337-4cc1-a096-babe8a636be6,2023-05-08,00:36:28,Vandalism,Mylapore,12.919619,80.13026,40,Male,68,Female,No,Closed,Customer war attention.
dd220db4-fb98-4e56-8242-a5ee6f98cde0,2022-10-14,02:34:04,Assault,Velachery,12.938978,80.109428,54,Male,72,Female,No,Pending,Theory north really movement.
60ab9c57-188e-4d1b-aed3-25185146eb80,2025-03-14,21:15:19,Vandalism,T. Nagar,13.069626,80.147935,44,Male,18,Female,Yes,Closed,Four different your instead rate land.
b2a058f6-a587-4247-9ecf-9dc042afffb5,2022-09-09,16:46:09,Burglary,Porur,12.973901,80.187352,25,Other,23,Male,No,Closed,Box method a car drug over he appear.
e5c1aa09-2bb6-45c5-b556-5ecaf590242f,2023-08-13,16:04:47,Assault,T. Nagar,12.904989,80.298629,41,Male,56,Male,No,Pending,Ten though wife where phone.
5f0b56db-6a16-4511-af12-3bcb94a62a00,2023-09-26,02:57:30,Vandalism,Kodambakkam,13.093356,80.159865,29,Other,74,Male,Yes,Open,Because hotel state fine recent such wish.
3a684260-7ec6-45ec-87b9-83a45517fe5f,2025-03-15,18:43:20,Kidnapping,Guindy,13.03916,80.268184,34,Other,11,Other,Yes,Open,Size more choice.
1d047b19-4703-4000-9433-bfc25d610a7a,2025-03-10,17:46:01,Assault,Kodambakkam,13.057229,80.24065,56,Female,70,Other,Yes,Open,With training eight real positive.
3e69f54f-56b2-4ac8-98c0-10067fff2322,2024-04-11,09:37:36,Theft,Anna Nagar,13.059459,80.110884,37,Female,45,Female,No,Pending,Whose interesting dog campaign white.
065feeef-4e90-41a8-ad06-5cfa00c87f38,2025-02-15,11:01:12,Drug Possession,Anna Nagar,12.915345,80.264177,24,Other,57,Female,Yes,Closed,Very choose action relationship truth back between wide.
10ee20b3-0fb5-4b63-9e0a-5fc414a3c94d,2024-11-23,11:54:20,Assault,Velachery,13.078598,80.233956,56,Other,43,Other,Yes,Pending,Until issue nor different of.
f6ebc07a-e87f-4012-9866-6db0b041ecc1,2023-10-31,01:16:48,Assault,Anna Nagar,12.980027,80.224104,20,Other,31,Female,No,Closed,Tree someone project painting.
e9e36dbc-c306-466f-a9da-dec60a072baa,2024-08-05,13:07:21,Murder,Anna Nagar,13.075009,80.290247,26,Male,19,Male,Yes,Closed,Southern building add ground room design system.
78bbb48e-a204-4e91-9ad3-6d706e601730,2024-02-02,12:39:02,Vandalism,Velachery,12.987521,80.270538,18,Other,46,Other,No,Open,Involve court when room.
e9d240cd-5b06-4444-97f7-fc55930b6be4,2022-10-29,20:09:57,Kidnapping,Guindy,13.065034,80.254342,46,Other,73,Other,Yes,Closed,Cup positive investment shake bank certainly able.
306e1c38-dfaa-4a66-bea6-3585a60b275d,2024-01-17,04:15:30,Fraud,Perambur,12.983432,80.129891,49,Other,55,Other,Yes,Open,Key important especially benefit.
553dbd6d-6c53-43e7-845f-b51a836f62c9,2024-09-13,10:20:28,Assault,T. Nagar,13.052552,80.122037,59,Female,30,Male,Yes,Closed,Enjoy do between character too.
e88ea3e3-0c43-4d1d-980b-77a059f8adcc,2022-11-02,15:30:14,Fraud,T. Nagar,12.923154,80.27531,48,Male,47,Female,No,Open,Study note much return continue training.
b4e27b3d-153b-41bf-9d97-5cfb73a136a9,2022-07-20,23:21:53,Fraud,Mylapore,12.965727,80.1907,39,Other,56,Other,Yes,Closed,Artist window very who dinner.
44c76ec8-be14-46c0-9d4d-352a8b630757,2022-11-07,10:40:11,Theft,Perambur,12.930598,80.119133,28,Other,43,Male,No,Open,Him beat else film feel people research deal.
7468f62e-84a9-4883-9ba8-36248fd9c8ab,2023-03-14,22:25:05,Theft,Perambur,13.071897,80.245527,30,Female,56,Female,Yes,Pending,Full world consumer off respond debate member.
b756786c-3e1a-4c81-8602-36d17d4aaef9,2025-02-22,06:51:55,Drug Possession,Anna Nagar,13.079688,80.263486,34,Other,24,Male,No,Closed,Argue method low wear assume pressure seem.
2533f55f-a4ea-4ab4-8ab0-75ad4560b3e3,2023-04-07,04:01:14,Vandalism,Kodambakkam,13.076302,80.249379,22,Other,74,Male,No,Open,Enough follow born plan.
0cf71f78-c235-428a-8dbb-db9a252023ce,2024-05-16,13:03:50,Fraud,Anna Nagar,13.001502,80.159547,32,Female,23,Other,No,Open,Certainly look issue step.
374407a4-7b87-4f1d-a7f6-215fada87411,2022-11-02,09:38:18,Fraud,T. Nagar,13.067826,80.23656,41,Female,71,Male,No,Open,Boy sport send recognize.
e1f0275f-e2a8-4e13-8c53-72a070793dc6,2022-05-10,11:25:36,Kidnapping,Adyar,12.946978,80.131209,59,Other,54,Female,No,Open,Anyone single practice teacher protect see.
184e8df0-92c5-46e9-b28f-6eb4cf4758c8,2022-04-14,09:05:29,Vandalism,T. Nagar,12.902895,80.104246,21,Female,80,Other,No,Pending,Admit year probably peace voice social painting laugh.
95f4d082-2c3c-476f-99f9-7b26c1f4de48,2024-06-11,04:42:54,Drug Possession,Perambur,12.915629,80.149723,34,Female,48,Male,Yes,Closed,Pay indeed dream east cup high eat company.
e082a8a1-94b9-40ae-a35e-05e27733426f,2022-08-30,07:50:50,Kidnapping,Royapettah,13.015714,80.192841,23,Other,57,Other,Yes,Open,Not human must animal pretty rate.
84c67170-8053-456b-8ee6-bc55dde09629,2022-06-30,17:33:41,Fraud,Mylapore,12.906233,80.151891,44,Female,34,Female,Yes,Closed,Impact six reveal hope majority.
fc54934f-042c-42f4-97f4-abbc1b381c07,2023-12-13,08:40:25,Drug Possession,Perambur,13.003386,80.155167,20,Female,37,Male,Yes,Closed,Against so risk option save possible court high.
45ccce3d-76ef-4a31-9ed6-86e4004a1101,2024-06-10,13:14:19,Drug Possession,Perambur,13.08765,80.111827,38,Female,58,Other,No,Pending,East there list leave she.
104891ef-f3ff-4311-91c5-a8c11f2606a9,2024-01-07,11:15:21,Fraud,Mylapore,13.019062,80.283534,21,Other,32,Female,No,Open,Approach Mrs necessary would top minute market join.
f25fe120-7a6a-4c82-a835-726bd91feaba,2024-03-03,09:36:23,Murder,Kodambakkam,13.076295,80.161377,33,Other,70,Female,Yes,Pending,Piece together suddenly these film care along several.
80ac780e-e074-454d-9702-c7b4f1882d8c,2024-05-13,23:28:19,Vandalism,T. Nagar,12.982175,80.200153,48,Female,76,Female,Yes,Pending,Popular alone campaign with network your explain.
2595939b-a02e-4244-85af-fdbbff1acbdf,2022-12-25,20:53:22,Kidnapping,Guindy,13.096617,80.112081,60,Female,51,Male,Yes,Closed,Plant environmental seven include rule key.
82d40d8c-ff52-494c-b219-86aa09cc08a3,2022-06-13,01:28:09,Assault,Anna Nagar,12.908066,80.142615,58,Other,12,Female,No,Open,Nature anyone sing note effect still south.
7a9bbe65-e7ed-4d3e-bd7b-5e0f71d32bc2,2023-11-27,10:10:56,Burglary,Guindy,13.078854,80.198357,34,Other,23,Other,Yes,Closed,Unit others read beautiful.
279f6d64-cd20-42a3-853f-8271bad4d3e6,2024-04-19,20:22:55,Burglary,Porur,13.032146,80.227913,41,Female,46,Male,Yes,Pending,Red option score common need also together under.
35858010-8c64-4f75-8f95-9f62b9c79aa8,2023-12-06,19:30:40,Kidnapping,Royapettah,13.034024,80.227836,20,Male,30,Female,No,Closed,Structure market follow.
7f541f8a-a4e5-4fe2-975e-3017d3a707f6,2023-01-12,02:36:37,Burglary,T. Nagar,13.096046,80.11646,49,Female,63,Male,No,Pending,Weight husband industry determine above.
f21d7037-91de-48fa-9b90-c36ce0f484be,2023-04-05,16:17:06,Burglary,Anna Nagar,13.081802,80.277418,35,Female,34,Other,Yes,Closed,Enter information look write be indicate.
8e2fd2a7-d22b-4d81-9985-91c040bab3df,2024-02-28,11:20:00,Murder,Porur,13.037838,80.155059,21,Other,51,Other,Yes,Closed,Age push exist economic.
796e12af-d905-40c0-a985-57fa9578e3d9,2023-07-30,07:19:00,Burglary,Mylapore,13.084034,80.298574,23,Female,67,Other,No,Pending,Threat lose us nation.
b9c76002-712d-43b4-bcad-5e7cdb50f05b,2023-01-31,12:50:20,Murder,Adyar,12.924203,80.259255,23,Other,65,Other,Yes,Open,Industry set brother.
f9935bd3-8716-4cfd-a5ea-2be639deb6b2,2023-12-03,12:14:01,Drug Possession,Porur,13.095331,80.218149,60,Male,53,Other,Yes,Open,Boy leader theory action ahead minute effort type.
ba92c0a7-6ee8-4c1f-9938-e0b1c2bb4803,2022-04-17,01:15:45,Vandalism,Perambur,13.039208,80.241526,53,Other,11,Other,No,Pending,Contain major billion gas general chance director.
2a22438b-4d57-4696-9859-83056924de1b,2024-11-24,06:58:34,Vandalism,Guindy,12.996431,80.183374,47,Male,22,Other,Yes,Pending,Remain trade such center political lay friend hour.
807c70d1-8167-423c-9c15-7f0d754e7377,2022-09-21,03:48:56,Kidnapping,Velachery,12.934846,80.10162,30,Male,63,Other,No,Pending,Relate best clear agency outside.
3d40cc65-980f-4055-aff5-89eb22a1224c,2024-11-06,01:57:07,Drug Possession,Kodambakkam,12.936959,80.125121,38,Other,53,Male,No,Pending,Especially size Congress spring.
b1584e9b-f3cb-4d69-be1c-b70feff3c335,2023-12-06,16:55:05,Fraud,Velachery,12.973844,80.128062,23,Other,39,Other,Yes,Pending,Effort can American treat wish read exactly.
2494f2a2-7079-49b5-8f8a-09dba75b3d32,2022-04-12,06:31:34,Murder,Anna Nagar,12.985455,80.284743,26,Female,33,Male,No,Open,Us hard reduce right.
af2a740d-60e7-45a6-a18d-3add972046d9,2023-11-07,21:57:17,Kidnapping,Guindy,12.973462,80.267492,37,Other,12,Female,Yes,Closed,Politics can feeling himself open sense especially personal.
feb06ca5-7efe-4b7d-be04-c0e2c4faf1f2,2022-11-25,00:33:19,Assault,Mylapore,12.953486,80.274148,53,Male,46,Other,Yes,Closed,Its clear add huge weight artist player.
aad55a7c-9745-4873-9bac-ac2b05b04839,2023-06-05,04:53:19,Drug Possession,Kodambakkam,13.077631,80.278807,48,Male,77,Other,Yes,Closed,He very need various realize example model.
c0e615d6-d545-4732-80f4-7da80b2bd1fc,2023-09-12,07:15:20,Vandalism,Adyar,12.998837,80.277763,23,Female,16,Other,Yes,Closed,Out hear science become compare from low time.
ac10843e-cd98-4992-9f01-ca1c8938dff2,2024-12-11,19:34:45,Burglary,Adyar,13.012324,80.217337,43,Other,31,Female,Yes,Open,That subject generation laugh quite process contain.
ec9b81b5-c114-45bb-aef5-5e59dcfeaf2e,2024-11-21,09:21:15,Theft,Royapettah,13.048049,80.232132,46,Female,27,Male,Yes,Closed,World into front within range phone.
d813be04-06af-433e-a5a2-6d3d40ddd32c,2022-04-19,06:56:14,Assault,Anna Nagar,13.087637,80.152494,50,Female,19,Male,No,Pending,Officer must wait model now partner.
b22d63cb-f990-482c-817a-9ecbc657d1b5,2024-01-25,10:18:24,Kidnapping,Mylapore,13.057279,80.20966,24,Other,55,Other,No,Pending,Collection other impact analysis image suggest.
4516802e-ed5c-44ad-8f99-7b4d4c7b1ee1,2023-07-25,23:57:50,Vandalism,Porur,12.927331,80.173817,43,Other,39,Female,No,Open,Artist left road exactly.
76a97d34-5a87-4597-8867-deae28a448c9,2024-10-07,22:23:42,Assault,Royapettah,13.070561,80.285211,24,Other,14,Other,No,Open,Team dog southern medical if owner including.
4977182d-e90b-4280-aaa6-53eafd7b592e,2022-12-14,05:24:31,Fraud,Royapettah,13.036884,80.27024,29,Female,42,Male,No,Pending,Officer despite it her nothing.
2760b046-7bd0-4317-bd37-811f0ca6e0f0,2022-06-06,15:51:54,Burglary,Anna Nagar,12.917116,80.213529,33,Male,80,Male,Yes,Open,Material same far too again account.
c2df7099-ccdd-4c62-bf66-7faffa2fae48,2024-02-06,12:51:43,Theft,Velachery,13.005207,80.220031,56,Female,23,Female,No,Closed,Network toward business sea.
480f0cf4-e5c3-49d1-9474-771ee5d1663b,2022-07-30,11:02:18,Fraud,Perambur,13.016127,80.172257,22,Male,68,Male,No,Pending,Whom prove budget necessary.
155af614-e30a-4c59-9c32-07d5bb741f4d,2023-05-09,04:00:05,Murder,T. Nagar,12.986827,80.158675,27,Female,66,Male,No,Open,Meeting reveal hope officer.
3fd3296e-0680-47bd-9681-a8120b7d9b8e,2023-10-04,23:40:10,Vandalism,Kodambakkam,13.050222,80.187423,50,Male,74,Other,Yes,Pending,Region power girl practice red plant science care.
05277343-1f44-4454-9641-af930b7327bd,2024-05-17,06:18:18,Kidnapping,Velachery,12.949905,80.297665,57,Other,32,Female,Yes,Open,Ago tax stage project wide.
ca8e8cd9-8758-40dc-b917-c30602a56b7a,2022-04-03,23:10:52,Burglary,Kodambakkam,12.955384,80.189913,34,Other,31,Other,No,Pending,Family fire need admit health notice lead.
b8b7e931-a185-4cea-812f-086ff318287a,2022-09-27,21:18:08,Assault,Guindy,13.091573,80.291303,30,Other,75,Other,No,Closed,Front outside kid others.
20a7f36c-cbf7-4ecb-9e0e-9a28c3bbe5d7,2025-03-25,18:47:35,Assault,Adyar,12.989868,80.188743,47,Other,55,Other,No,Closed,Pass final himself.
d34e8c89-a2b4-4e88-8543-f24f3200c557,2023-07-28,08:08:33,Assault,Velachery,13.088902,80.223948,58,Other,52,Male,No,Pending,Participant many feeling why.
74fef5c1-cebe-4606-b1a6-70aa209900ab,2022-07-11,00:33:12,Fraud,Perambur,12.954761,80.206141,25,Other,76,Female,No,Closed,The detail rather practice guess lawyer as let.
702e33b9-6584-429a-8c8f-e2bd33d9d9fc,2022-12-21,08:09:11,Vandalism,Velachery,12.985586,80.182783,44,Other,53,Male,Yes,Pending,Animal huge per network ready contain.
ac1f9240-c17c-4259-a402-1d171c8b6856,2023-11-13,06:32:13,Theft,T. Nagar,12.903572,80.126483,31,Female,13,Female,Yes,Pending,Wind candidate road trade step.
f1b238b5-8be3-4b59-bce7-0e9125e93fd9,2023-01-03,09:17:31,Fraud,Mylapore,12.968509,80.205609,55,Other,74,Male,No,Open,Strong interview big strong management religious particular.
48cb0e23-a405-4d24-917d-5a1148e4185b,2024-11-13,09:40:51,Murder,Mylapore,13.00217,80.287581,47,Female,53,Male,No,Closed,Them table sure discover.
20657b80-3c84-4159-ba14-b8038f6530a8,2022-07-05,10:20:32,Fraud,T. Nagar,13.096503,80.28046,26,Male,56,Male,Yes,Closed,Especially describe majority something understand book central will.
99d46bb4-e5ee-49d4-bd53-55587606e544,2022-09-29,02:00:38,Burglary,Anna Nagar,12.964394,80.21953,52,Female,11,Male,No,Closed,Hold doctor test record life station.
e2b44064-b0d9-4b05-a25a-fdab04a9b6f2,2023-11-17,15:48:47,Fraud,Adyar,12.981946,80.170323,32,Male,10,Other,No,Closed,Life real young myself billion example last you.
7ec5dbc0-5820-401c-9f28-7ac3234d74eb,2022-12-18,08:27:08,Assault,Porur,12.901767,80.276642,51,Female,42,Other,No,Open,Anything position remain wrong city federal professional perform.
ddc0a4c4-2229-4a85-b224-27e31f5da320,2025-02-08,13:16:07,Vandalism,Porur,12.969084,80.206486,31,Other,34,Female,Yes,Pending,Section level war quickly compare company option yet.
6af98ed7-9d9c-411e-9737-425e4e35d725,2023-10-18,00:21:44,Fraud,T. Nagar,13.011523,80.290198,59,Male,73,Male,No,Open,Side thing relate play along tax.
81e1a31d-620b-406e-b59d-f236b0aef0f7,2024-10-31,21:24:01,Theft,Anna Nagar,13.071361,80.152708,37,Male,58,Male,No,Pending,Between easy wish result.
9ac5536b-d421-4df8-ab5f-4c987738ea58,2023-02-12,00:06:16,Kidnapping,Kodambakkam,12.903039,80.287799,19,Female,17,Male,Yes,Closed,Evening area ability lot.
077e9741-1cf1-4552-8178-cdc877bf1b53,2023-02-03,17:36:32,Kidnapping,Royapettah,12.927413,80.167097,50,Female,51,Female,No,Open,Answer best house.
a02b499c-6ebd-4575-8a46-d72130117b63,2025-03-24,23:39:39,Murder,T. Nagar,12.902668,80.229333,59,Female,51,Other,No,Pending,Nature growth despite force course.
3a8c3ec9-16b6-4e08-9e1b-14e77730e855,2022-10-06,20:33:19,Vandalism,Perambur,13.097573,80.161112,38,Female,30,Female,Yes,Closed,Month imagine leader just somebody test.
9be632c4-8882-4a17-97c1-6059fbb963be,2023-09-28,11:48:02,Murder,Kodambakkam,13.05721,80.123811,48,Male,47,Male,No,Closed,Republican seem finish coach place so travel.
0b487568-45cc-44d5-ae78-90eaccb6ef89,2024-09-10,13:38:56,Drug Possession,Velachery,13.022078,80.198384,45,Female,76,Other,No,Closed,Art peace inside trial perform police.
b868cd85-90dd-418d-aa41-bbe7c575a3f7,2025-03-19,15:30:50,Kidnapping,Velachery,13.085745,80.239112,27,Female,37,Male,No,Closed,It more carry movement.
486319c3-77aa-4252-93fd-2eb558c3d145,2025-01-06,09:23:09,Kidnapping,Adyar,13.084609,80.180542,27,Female,25,Female,Yes,Open,Foreign owner feeling foot second how compare already.
6ed70e05-dde0-49cd-86e7-33e54a49a847,2024-06-10,18:32:32,Theft,T. Nagar,12.983942,80.231842,49,Other,51,Female,No,Closed,Bill TV point pattern message.
3bcf0a66-3b52-4680-86fd-b78a38004c43,2022-03-28,17:44:22,Theft,Mylapore,13.047364,80.134376,32,Female,41,Other,Yes,Pending,Congress town nearly establish decision dark third.
ba6e493c-1237-4a50-83d3-e98a089246ea,2024-09-24,14:02:42,Theft,Mylapore,12.995997,80.288355,44,Other,16,Male,Yes,Pending,Affect author arrive certainly.
0f62d5f0-1f28-4bbb-b19b-b84459fb1ba3,2023-02-16,02:43:39,Drug Possession,Velachery,13.077601,80.260604,56,Male,61,Female,No,Pending,Show ok indeed power.
ffd5cc6e-e4b0-4370-8119-37b25beffd08,2024-12-14,06:39:55,Drug Possession,Mylapore,13.037971,80.226406,49,Male,31,Female,No,Closed,Cost feel attention available maintain.
7f29bbcc-6fae-4a0c-b01b-9c5e91dd8e45,2022-12-16,01:23:52,Kidnapping,T. Nagar,12.908312,80.23167,51,Female,55,Other,Yes,Open,Represent various popular.
eab7a4f4-392c-4edd-807a-058d3413b97c,2025-02-16,01:36:19,Theft,Velachery,13.043846,80.161324,54,Other,49,Female,No,Pending,Lose success week threat side world type center.
3636cf8b-ec30-447b-b049-04f0e19f0932,2022-06-20,05:18:53,Vandalism,Kodambakkam,12.943115,80.208208,32,Male,41,Male,Yes,Pending,Official artist business table.
266f6433-c1d0-42bd-94c9-90497ba0fd20,2022-06-26,06:38:19,Theft,Royapettah,13.00099,80.149984,24,Male,12,Male,No,Open,Light degree institution better push Republican pressure.
954750ac-7c56-4676-adb4-4d7376d81e22,2024-10-26,05:47:33,Theft,Anna Nagar,12.96606,80.153564,31,Other,31,Female,Yes,Closed,Direction our pass for medical analysis.
c3e9be26-91f7-44c9-855a-99d54cbb7583,2023-02-11,05:25:24,Fraud,Anna Nagar,12.948659,80.203272,35,Male,15,Male,Yes,Closed,Account strategy still wait why management.
ad37364c-dc46-49e0-91fd-a686358e8319,2024-09-04,22:33:29,Drug Possession,Adyar,12.921708,80.10972,47,Female,56,Male,No,Pending,Our economic guy peace.
2813d195-146e-449e-9371-4e2b989daa7a,2024-04-08,22:52:06,Murder,Adyar,13.084424,80.233996,33,Female,65,Male,Yes,Open,Black east cut begin body better.
eb814fb9-4336-4e84-a5d2-f7d03aa53e18,2022-07-10,07:51:57,Vandalism,Porur,12.933914,80.255392,60,Other,36,Male,No,Closed,Movie doctor use sound so rich cut.
d6659eed-522d-438e-8740-69f4e0a9e5ed,2024-09-15,10:25:17,Burglary,Velachery,13.075074,80.186282,28,Male,66,Male,Yes,Closed,Citizen health cost city water.
e86db4a5-1da5-44d0-b9f5-515c270161f5,2025-01-13,21:44:30,Theft,Mylapore,12.950378,80.107646,36,Female,43,Female,Yes,Open,Girl wait get ahead.
9dcd39a9-a008-48d9-b526-7757b3acb9c0,2025-01-08,03:30:17,Murder,Royapettah,12.982498,80.293394,27,Other,14,Male,Yes,Open,Even amount before side responsibility ago four.
4f3ecbb9-4777-4d57-afcd-795164b89f99,2023-06-25,06:46:40,Burglary,Velachery,13.056472,80.129425,21,Other,44,Female,Yes,Open,None huge lay foot instead church word.
27af8d0d-71ae-4973-96a6-48d995a52246,2022-12-31,11:11:36,Drug Possession,Porur,13.011719,80.200423,46,Male,48,Other,No,Open,Music produce according industry.
a37ff58e-284c-4a1d-84bf-f5ec48af83a6,2022-04-13,02:11:17,Theft,Kodambakkam,13.093102,80.119501,18,Male,49,Male,Yes,Pending,Child senior very certain see Democrat parent natural.
b17f6878-057e-41ef-b52c-e5ce5f301837,2023-01-22,06:04:36,Theft,Perambur,12.949885,80.188037,53,Other,31,Other,Yes,Closed,Make color cultural age point there writer lawyer.
2a2d12a6-73fd-4226-9e50-32350ab548ab,2023-04-21,02:22:46,Drug Possession,Royapettah,13.058221,80.12942,55,Female,79,Female,Yes,Closed,House ok full room film lead.
192ebd92-09e1-4a11-b15e-51b749d6ed09,2024-08-25,19:03:54,Fraud,T. Nagar,12.943256,80.271932,30,Female,40,Male,Yes,Open,And political start dinner near know to.
ab908549-5f23-48b3-ac7a-7b17f3943495,2024-06-21,08:42:25,Fraud,Adyar,13.020659,80.227025,50,Female,47,Male,No,Open,Leg visit window price left until why.
9059d780-dc28-4de1-b849-98e286fc054c,2024-12-04,20:53:39,Theft,T. Nagar,13.009854,80.198868,39,Female,25,Other,No,Closed,Letter full single also evening before.
c57df6c7-601b-47b5-bc4b-790d1af7ed40,2022-04-13,12:19:55,Murder,Adyar,12.923111,80.170718,25,Other,66,Other,Yes,Pending,Camera mean prepare cost.
f159403e-12eb-478e-8028-746bd4374166,2023-11-07,22:45:01,Theft,Porur,12.950274,80.179117,49,Other,78,Male,No,Pending,System take tonight eye maybe over.
c38d52dc-d237-4eaf-a244-c87751059fb5,2025-03-03,04:06:46,Kidnapping,Royapettah,13.055343,80.175053,42,Male,78,Other,Yes,Closed,Note hundred rise we floor art challenge.
5a7eaa67-f67d-4fc3-9926-97c0f88f2d1d,2022-09-29,20:39:31,Kidnapping,Adyar,12.974734,80.254348,22,Male,20,Other,Yes,Pending,North be by there cover.
ed895fd3-6def-498b-a6af-07e124166b20,2022-05-23,16:45:40,Fraud,Guindy,12.927593,80.282021,42,Male,78,Other,No,Pending,Arm able lose third summer impact eat.
7ba0aad8-9b6a-419a-a255-3e55e80bf3e6,2022-08-25,21:05:04,Drug Possession,T. Nagar,12.980569,80.174043,52,Female,28,Female,No,Closed,Continue wife ok million case though.
515bbdb5-7384-4d61-b8d9-e451cc0387ad,2024-09-05,04:06:01,Assault,Kodambakkam,12.939961,80.269405,23,Female,12,Female,No,Closed,Material company smile could adult south indicate.
6279e843-ee8a-40e7-9254-d00211e5951e,2023-02-18,14:17:17,Drug Possession,T. Nagar,12.96038,80.161282,22,Other,15,Other,No,Closed,Ball late short early.
455858c0-114f-40e7-a2f3-e4fc98ddf739,2023-09-27,08:46:42,Kidnapping,Porur,13.026628,80.187537,53,Other,73,Other,No,Open,But child analysis Democrat model.
4ac4968f-aad7-4e93-aec3-cbb78e0bc925,2023-05-11,05:50:57,Kidnapping,Royapettah,13.032953,80.100752,27,Female,72,Male,Yes,Pending,Product road son anyone teacher black.
e2b03b0c-2d1c-4cbd-bf20-3523df515db0,2025-02-22,15:50:58,Kidnapping,Guindy,13.014198,80.180364,18,Male,37,Female,Yes,Closed,View no west response degree save eight where.
1d8ca782-7e3e-4ebf-8a94-ff619a78ce44,2023-10-21,16:35:12,Assault,Perambur,13.061442,80.230863,19,Female,63,Other,No,Pending,Beyond represent these market per.
1f60a008-05e5-4487-be25-6f972950b213,2024-09-14,23:06:43,Murder,Kodambakkam,13.082879,80.15936,25,Male,45,Male,Yes,Closed,Magazine sometimes action wish car subject dog.
f3342c70-3b09-4fd1-b165-84ab73dfb10e,2023-12-29,00:49:15,Assault,Perambur,12.938003,80.223602,54,Other,46,Female,Yes,Pending,Capital me subject off.
12a8d364-63a1-4916-93fb-88c8c2b5459a,2023-11-17,05:48:22,Vandalism,Guindy,12.941822,80.129654,53,Male,55,Other,No,Open,Two want member type laugh then spend push.
01aa2dd1-c477-4a94-954e-6fa167475e5e,2022-07-14,01:45:47,Assault,T. Nagar,12.948434,80.222286,56,Female,24,Male,No,Open,During spend professional mean magazine.
a735a434-56b8-4bd0-9bf8-b2023158c8a8,2023-03-27,03:42:02,Murder,Adyar,12.939662,80.148114,23,Male,18,Other,No,Pending,Building manage network call eight.
e470e25a-1efb-49e8-9e5c-a5cd7af9615b,2024-04-29,17:32:00,Burglary,Mylapore,13.034151,80.226609,35,Other,19,Female,No,Pending,Standard series nation.
b023c594-8dfc-4a54-af76-39fd07af9b2a,2022-06-11,19:35:47,Drug Possession,Perambur,13.008718,80.180773,51,Male,46,Other,No,Closed,Itself stay knowledge long hear be any.
8e2ec23e-687e-45eb-a543-8446e56a50d9,2022-09-05,10:32:44,Assault,Royapettah,12.918643,80.166954,30,Female,29,Other,Yes,Closed,Camera simply watch home adult.
33e05d29-1eb5-46a2-87ce-cb4ba6fadab8,2022-09-19,05:05:42,Fraud,Mylapore,13.080007,80.22801,60,Other,50,Female,No,Pending,Pm ten probably four animal hair.
1aa409e4-303a-49d5-842a-ad657dd59daf,2024-08-13,08:37:08,Murder,Kodambakkam,12.970971,80.171537,43,Male,78,Male,Yes,Open,Parent identify well pretty situation style.
4b85a054-0220-414c-b222-f6e75ac205b0,2022-10-12,18:16:54,Drug Possession,Porur,13.025733,80.13826,34,Other,32,Male,No,Closed,Less especially standard study who.
0de2b903-1ae3-4161-b4c3-1927def3a853,2022-09-21,12:00:11,Assault,T. Nagar,13.097827,80.266463,37,Male,69,Female,Yes,Pending,Whom theory black section air close.
dcbd8699-c93f-4206-b08c-e26a7f1cc8d4,2022-11-13,16:59:04,Vandalism,Porur,12.913596,80.21959,36,Female,63,Other,Yes,Pending,She build beautiful tax.
4ea21312-ff53-4c14-aa45-ca350d5ac805,2024-03-15,06:37:00,Vandalism,Kodambakkam,12.987858,80.148089,60,Male,21,Male,Yes,Pending,Name or quality Republican.
d0dc4454-013d-430d-bfc1-664a9d436c7f,2023-07-09,03:28:06,Assault,Perambur,12.914926,80.237948,18,Other,12,Other,No,Open,Business throughout American fight discover third pretty.
ea3466fc-1a52-4f26-98b2-8be944859e33,2024-07-20,23:17:10,Vandalism,T. Nagar,12.90068,80.26602,26,Male,40,Male,No,Closed,Sometimes level career someone indicate drug.
81da527f-e0f3-48bd-94fa-079fba37c229,2025-01-16,01:36:32,Fraud,Perambur,13.030455,80.22003,24,Other,42,Male,No,Closed,Open fear student prevent.
316bb763-352b-4bda-9ed6-3fe4dd5a8eb4,2022-12-12,22:38:16,Theft,Velachery,12.955244,80.280101,19,Other,47,Male,No,Open,Painting feel night along physical.
2ee2a2d0-b9e9-44e5-9900-4f64fa853ec7,2022-06-11,17:55:26,Theft,Kodambakkam,12.979784,80.197623,60,Other,36,Male,No,Closed,Know gas dream almost require.
dbaf3766-c770-4fc2-8535-833a170bf00a,2024-09-01,17:30:17,Kidnapping,Velachery,12.961871,80.105131,48,Male,23,Female,Yes,Closed,Education rich about change responsibility until.
10f44b6b-ca23-4116-8807-44c2b69ab94e,2024-09-18,03:56:15,Assault,Porur,13.031118,80.121634,45,Male,11,Other,Yes,Closed,Risk able property stage.
ffd3c397-313a-4d2a-ab31-be9310da437f,2022-06-05,20:03:32,Burglary,Guindy,13.067773,80.118935,29,Male,19,Female,Yes,Pending,Civil man network understand its.
3f684172-24a8-4cd1-aec3-9ccb64937160,2022-08-09,07:20:09,Fraud,T. Nagar,13.081639,80.269117,57,Other,28,Female,Yes,Open,Budget out church.
42ea6f72-a63f-47c0-8d93-c238c0a4006e,2024-04-22,00:18:06,Murder,T. Nagar,13.091621,80.181674,50,Other,30,Male,No,Pending,Trouble forward news rise pretty.
a231a30f-50dc-4c4b-8cc9-df405e7b0c3a,2022-07-12,03:24:29,Murder,Mylapore,13.099901,80.220302,20,Male,40,Male,No,Open,Build change himself go important.
3c88e5ee-0260-49cd-8055-d02cccffbb72,2023-01-07,14:27:44,Vandalism,T. Nagar,12.940843,80.207702,44,Female,15,Female,Yes,Open,Himself police safe hundred under child.
bbffe0bb-1a5d-4a4c-8b6f-e5406438f926,2023-11-16,00:15:24,Fraud,Velachery,12.984639,80.126625,54,Other,12,Other,No,Open,Tv leave TV economy play wall job moment.
02895ed0-c16f-4322-bd98-deff28cfba69,2023-04-02,12:11:20,Burglary,Kodambakkam,13.085793,80.251675,55,Male,66,Female,No,Closed,Treatment half mention year news firm argue resource.
c53e4411-a9db-4444-8ddd-581f7ede8065,2023-06-15,09:41:24,Murder,Velachery,13.007081,80.116987,32,Male,27,Male,Yes,Open,Alone race store look goal keep.
09bff9c5-1b1f-4cfb-9e71-969965bbe5a6,2022-10-01,08:21:29,Fraud,T. Nagar,12.903743,80.272506,45,Male,36,Female,No,Open,Old media friend serve time that here.
f303afc0-b4f8-4c50-8b07-8dcb5df16829,2024-12-16,06:04:05,Theft,Guindy,13.086075,80.256717,20,Female,15,Male,Yes,Closed,Turn view certainly pretty up.
404c6507-b7b5-4773-ba50-5bb82d2501a1,2024-08-07,13:37:34,Burglary,Adyar,12.972495,80.119887,37,Other,21,Female,No,Open,Tree condition accept thus must read.
b54b41ab-b535-409f-9bf9-e74c0d0fbc8c,2023-08-30,08:36:05,Drug Possession,Velachery,12.902096,80.241279,49,Other,26,Female,No,Open,Security test never break.
0d2ca9a8-7b71-4fe8-ba9c-674b487eebd1,2022-07-29,07:23:39,Murder,Porur,12.955717,80.205876,20,Female,29,Female,Yes,Pending,Nation among fall third site which sometimes consider.
adbf26be-56a9-460c-b479-639b1d39e00e,2024-04-17,10:42:21,Vandalism,Kodambakkam,12.949639,80.186722,31,Female,16,Female,Yes,Pending,Successful usually house much travel cell quite.
6dd4bdb1-5b15-40c9-b9ed-ffcdc5c86727,2024-07-04,15:07:25,Murder,Perambur,13.085002,80.164981,49,Male,62,Other,No,Open,Evidence very trouble when range.
2d3de6d4-958e-41a2-bcf9-1f661aacde00,2022-04-21,03:25:06,Theft,Adyar,12.949452,80.119196,41,Female,53,Male,Yes,Pending,Decide during chair wear rest group different.
34da577c-5019-4ae6-a91a-efaa792f1cbc,2023-03-27,16:54:27,Assault,Kodambakkam,13.070334,80.210423,42,Other,63,Female,Yes,Pending,Tell at power decade.
9e0531b6-2f7d-4955-9b28-fa3b828f6aa2,2024-12-28,17:24:52,Kidnapping,Guindy,13.03987,80.178853,37,Other,22,Other,No,Open,Real special may source new box fight.
8fe48a78-4693-41c7-b791-c637cc565168,2022-12-28,19:18:30,Burglary,Royapettah,13.074169,80.123947,25,Other,52,Other,Yes,Open,Daughter activity girl message young gun say.
065bafdb-0558-41c7-bdbf-dce33ee05a91,2023-06-11,15:10:50,Assault,Mylapore,12.965275,80.115942,58,Female,16,Other,Yes,Closed,Country let since rather.
6b643b62-c7f4-41d8-b28d-a41c4ceaced2,2024-04-23,17:59:20,Fraud,Guindy,12.95911,80.270795,40,Male,30,Female,Yes,Pending,The billion act station receive item bad.
c1175d33-b05a-4d46-95ca-8ccd3e4791f8,2024-08-05,01:37:27,Fraud,Royapettah,12.919212,80.185115,28,Male,21,Other,No,Pending,Financial training the view relate arm.
8c7c77c4-9265-4469-9bd3-feb9bb6f09ec,2022-05-24,06:04:20,Assault,Kodambakkam,13.084365,80.158737,25,Male,79,Female,No,Open,Feeling look west poor buy cold.
c8beed27-28f6-42cd-ad62-22f6232de68d,2022-10-10,18:38:09,Fraud,Anna Nagar,12.986358,80.1182,39,Male,75,Female,No,Pending,Radio rise yet pressure law.
7b133d83-b8e6-40c6-ab7b-e849ebbec95b,2023-12-27,08:25:45,Drug Possession,Anna Nagar,12.937592,80.204449,59,Other,51,Female,Yes,Pending,Especially difficult a.
46c2ddba-4fb5-49cf-9a6f-a0613fa01b4b,2023-12-24,02:03:27,Assault,Kodambakkam,13.040763,80.16537,54,Female,26,Male,No,Pending,Class during top must type that improve.
d9e118ee-e80b-447c-8b16-c66af8b421cc,2025-01-10,16:20:02,Burglary,Anna Nagar,13.097691,80.215932,24,Other,13,Female,No,Closed,Set past two even sense.
0a9a0c06-e458-4353-956c-19a600764ef6,2023-08-14,08:14:49,Assault,Perambur,13.040609,80.241448,31,Female,49,Other,Yes,Open,Day visit couple economic north.
f221297e-7311-4e5b-8b66-101fb8e49fb8,2023-04-23,05:36:26,Burglary,Anna Nagar,12.984599,80.267486,58,Other,38,Other,Yes,Pending,Ability white effort picture according make article nature.
f2f90d07-93ce-4bba-9160-b46b21e35b37,2022-11-14,11:07:11,Assault,Anna Nagar,12.921581,80.120349,30,Other,67,Other,No,Open,Himself go environment situation.
4466a7f7-446c-400f-8fa7-f27aea07e1d2,2024-09-29,22:40:29,Kidnapping,Anna Nagar,13.019554,80.192598,24,Male,40,Other,Yes,Closed,Land simply available sound rise.
7e3e8a96-5a0f-45a5-86fa-394850560bda,2023-12-15,15:28:29,Vandalism,Perambur,12.991615,80.24189,43,Male,69,Male,Yes,Open,Pm character deal each government center evening.
598b64ff-15e1-4406-8891-63387e5f541c,2025-03-05,15:26:02,Vandalism,Mylapore,12.953949,80.168514,46,Male,53,Other,Yes,Closed,How despite pay account treat could choose include.
b1ca3b2a-6034-4998-943d-2aff334a3b33,2022-05-25,01:47:36,Vandalism,Perambur,13.037314,80.123853,42,Female,77,Male,No,Open,Either that yes how find.
1b570a54-1baa-440f-bf6b-013270506151,2022-04-10,14:44:58,Drug Possession,Porur,12.911496,80.222999,52,Male,76,Female,No,Pending,Buy use yet whatever force information economic.
